{
  "type": "FeatureCollection",
  "features": [
    {
      "type": "Feature",
      "properties": {
        "building:colour": "red",
        "building:material": "brick",
        "building:part": "yes",
        "height": "125",
        "man_made": "chimney",
        "operator": "Volkswagen Kraftwerk GmbH",
        "seamark:landmark:category": "chimney",
        "seamark:landmark:conspicuity": "conspicuous",
        "seamark:source": "WSV",
        "seamark:type": "landmark",
        "osm_id": 0
      },
      "geometry": {
        "type": "Polygon",
        "coordinates": [
          [
            [
              10.7872415,
              52.4331429
            ],
            [
              10.7872208,
              52.4331427
            ],
            [
              10.7872031,
              52.4331388
            ],
            [
              10.7871882,
              52.4331318
            ],
            [
              10.7871776,
              52.4331222
            ],
            [
              10.7871724,
              52.4331112
            ],
            [
              10.7871730,
              52.4330997
            ],
            [
              10.7871794,
              52.4330889
            ],
            [
              10.7871910,
              52.4330798
            ],
            [
              10.7872067,
              52.4330734
            ],
            [
              10.7872248,
              52.4330702
            ],
            [
              10.7872454,
              52.4330708
            ],
            [
              10.7872645,
              52.4330757
            ],
            [
              10.7872798,
              52.4330842
            ],
            [
              10.7872895,
              52.4330954
            ],
            [
              10.7872923,
              52.4331079
            ],
            [
              10.7872881,
              52.4331202
            ],
            [
              10.7872773,
              52.4331310
            ],
            [
              10.7872611,
              52.4331388
            ],
            [
              10.7872415,
              52.4331429
            ]
          ]
        ]
      }
    },
    {
      "type": "Feature",
      "properties": {
        "building:colour": "red",
        "building:material": "brick",
        "building:part": "yes",
        "height": "125",
        "man_made": "chimney",
        "operator": "Volkswagen Kraftwerk GmbH",
        "seamark:landmark:category": "chimney",
        "seamark:landmark:conspicuity": "conspicuous",
        "seamark:source": "WSV",
        "seamark:type": "landmark",
        "osm_id": 0
      },
      "geometry": {
        "type": "Polygon",
        "coordinates": [
          [
            [
              10.7876504,
              52.4314541
            ],
            [
              10.7876297,
              52.4314539
            ],
            [
              10.7876120,
              52.4314500
            ],
            [
              10.7875971,
              52.4314429
            ],
            [
              10.7875865,
              52.4314334
            ],
            [
              10.7875813,
              52.4314223
            ],
            [
              10.7875819,
              52.4314108
            ],
            [
              10.7875883,
              52.4314000
            ],
            [
              10.7875999,
              52.4313909
            ],
            [
              10.7876156,
              52.4313845
            ],
            [
              10.7876337,
              52.4313813
            ],
            [
              10.7876544,
              52.4313820
            ],
            [
              10.7876735,
              52.4313868
            ],
            [
              10.7876887,
              52.4313953
            ],
            [
              10.7876984,
              52.4314065
            ],
            [
              10.7877013,
              52.4314190
            ],
            [
              10.7876970,
              52.4314314
            ],
            [
              10.7876862,
              52.4314421
            ],
            [
              10.7876700,
              52.4314500
            ],
            [
              10.7876504,
              52.4314541
            ]
          ]
        ]
      }
    },
    {
      "type": "Feature",
      "properties": {
        "building:colour": "red",
        "building:material": "brick",
        "building:part": "yes",
        "height": "125",
        "man_made": "chimney",
        "operator": "Volkswagen Kraftwerk GmbH",
        "seamark:landmark:category": "chimney",
        "seamark:landmark:conspicuity": "conspicuous",
        "seamark:source": "WSV",
        "seamark:type": "landmark",
        "osm_id": 0
      },
      "geometry": {
        "type": "Polygon",
        "coordinates": [
          [
            [
              10.7873519,
              52.4326937
            ],
            [
              10.7873312,
              52.4326935
            ],
            [
              10.7873135,
              52.4326896
            ],
            [
              10.7872986,
              52.4326826
            ],
            [
              10.7872880,
              52.4326731
            ],
            [
              10.7872828,
              52.4326620
            ],
            [
              10.7872834,
              52.4326505
            ],
            [
              10.7872898,
              52.4326397
            ],
            [
              10.7873014,
              52.4326306
            ],
            [
              10.7873171,
              52.4326242
            ],
            [
              10.7873352,
              52.4326210
            ],
            [
              10.7873558,
              52.4326217
            ],
            [
              10.7873749,
              52.4326265
            ],
            [
              10.7873902,
              52.4326350
            ],
            [
              10.7873998,
              52.4326462
            ],
            [
              10.7874027,
              52.4326587
            ],
            [
              10.7873985,
              52.4326710
            ],
            [
              10.7873877,
              52.4326818
            ],
            [
              10.7873715,
              52.4326897
            ],
            [
              10.7873519,
              52.4326937
            ]
          ]
        ]
      }
    },
    {
      "type": "Feature",
      "properties": {
        "building:colour": "red",
        "building:material": "brick",
        "building:part": "yes",
        "height": "125",
        "man_made": "chimney",
        "operator": "Volkswagen Kraftwerk GmbH",
        "seamark:landmark:category": "chimney",
        "seamark:landmark:conspicuity": "conspicuous",
        "seamark:source": "WSV",
        "seamark:type": "landmark",
        "osm_id": 0
      },
      "geometry": {
        "type": "Polygon",
        "coordinates": [
          [
            [
              10.7875225,
              52.4319921
            ],
            [
              10.7875018,
              52.4319920
            ],
            [
              10.7874841,
              52.4319881
            ],
            [
              10.7874692,
              52.4319810
            ],
            [
              10.7874586,
              52.4319715
            ],
            [
              10.7874534,
              52.4319604
            ],
            [
              10.7874540,
              52.4319489
            ],
            [
              10.7874604,
              52.4319381
            ],
            [
              10.7874720,
              52.4319291
            ],
            [
              10.7874877,
              52.4319226
            ],
            [
              10.7875058,
              52.4319195
            ],
            [
              10.7875264,
              52.4319201
            ],
            [
              10.7875455,
              52.4319250
            ],
            [
              10.7875608,
              52.4319335
            ],
            [
              10.7875704,
              52.4319446
            ],
            [
              10.7875733,
              52.4319571
            ],
            [
              10.7875690,
              52.4319695
            ],
            [
              10.7875582,
              52.4319802
            ],
            [
              10.7875421,
              52.4319881
            ],
            [
              10.7875225,
              52.4319921
            ]
          ]
        ]
      }
    },
    {
      "type": "Feature",
      "properties": {
        "building": "industrial",
        "building:colour": "white",
        "building:material": "concrete",
        "height": "140",
        "man_made": "chimney",
        "operator": "Volkswagen Kraftwerk GmbH",
        "osm_id": 0
      },
      "geometry": {
        "type": "Polygon",
        "coordinates": [
          [
            [
              10.7652770,
              52.4422471
            ],
            [
              10.7652476,
              52.4422405
            ],
            [
              10.7652241,
              52.4422279
            ],
            [
              10.7652097,
              52.4422110
            ],
            [
              10.7652063,
              52.4421920
            ],
            [
              10.7652143,
              52.4421736
            ],
            [
              10.7652327,
              52.4421581
            ],
            [
              10.7652590,
              52.4421478
            ],
            [
              10.7652897,
              52.4421440
            ],
            [
              10.7653205,
              52.4421472
            ],
            [
              10.7653474,
              52.4421569
            ],
            [
              10.7653667,
              52.4421719
            ],
            [
              10.7653758,
              52.4421902
            ],
            [
              10.7653735,
              52.4422092
            ],
            [
              10.7653600,
              52.4422264
            ],
            [
              10.7653373,
              52.4422395
            ],
            [
              10.7653083,
              52.4422467
            ],
            [
              10.7652770,
              52.4422471
            ]
          ]
        ]
      }
    },
    {
      "type": "Feature",
      "properties": {
        "building": "yes",
        "building:colour": "white",
        "building:material": "concrete",
        "layer": "2",
        "man_made": "chimney",
        "osm_id": 0
      },
      "geometry": {
        "type": "Polygon",
        "coordinates": [
          [
            [
              10.7871628,
              52.4355836
            ],
            [
              10.7871761,
              52.4355837
            ],
            [
              10.7871945,
              52.4355801
            ],
            [
              10.7872082,
              52.4355732
            ],
            [
              10.7872182,
              52.4355620
            ],
            [
              10.7872202,
              52.4355546
            ],
            [
              10.7872174,
              52.4355431
            ],
            [
              10.7872126,
              52.4355370
            ],
            [
              10.7872014,
              52.4355293
            ],
            [
              10.7871940,
              52.4355263
            ],
            [
              10.7871793,
              52.4355232
            ],
            [
              10.7871630,
              52.4355229
            ],
            [
              10.7871499,
              52.4355252
            ],
            [
              10.7871373,
              52.4355300
            ],
            [
              10.7871276,
              52.4355367
            ],
            [
              10.7871206,
              52.4355474
            ],
            [
              10.7871205,
              52.4355590
            ],
            [
              10.7871250,
              52.4355670
            ],
            [
              10.7871336,
              52.4355745
            ],
            [
              10.7871420,
              52.4355788
            ],
            [
              10.7871511,
              52.4355817
            ],
            [
              10.7871628,
              52.4355836
            ]
          ]
        ]
      }
    },
    {
      "type": "Feature",
      "properties": {
        "building": "yes",
        "building:colour": "white",
        "building:material": "concrete",
        "layer": "2",
        "man_made": "chimney",
        "osm_id": 0
      },
      "geometry": {
        "type": "Polygon",
        "coordinates": [
          [
            [
              10.7710529,
              52.4358594
            ],
            [
              10.7710661,
              52.4358595
            ],
            [
              10.7710845,
              52.4358558
            ],
            [
              10.7710982,
              52.4358490
            ],
            [
              10.7711082,
              52.4358377
            ],
            [
              10.7711102,
              52.4358304
            ],
            [
              10.7711074,
              52.4358189
            ],
            [
              10.7711027,
              52.4358128
            ],
            [
              10.7710914,
              52.4358051
            ],
            [
              10.7710840,
              52.4358021
            ],
            [
              10.7710693,
              52.4357989
            ],
            [
              10.7710531,
              52.4357987
            ],
            [
              10.7710399,
              52.4358009
            ],
            [
              10.7710273,
              52.4358057
            ],
            [
              10.7710177,
              52.4358125
            ],
            [
              10.7710106,
              52.4358231
            ],
            [
              10.7710106,
              52.4358348
            ],
            [
              10.7710150,
              52.4358428
            ],
            [
              10.7710236,
              52.4358502
            ],
            [
              10.7710320,
              52.4358546
            ],
            [
              10.7710411,
              52.4358575
            ],
            [
              10.7710529,
              52.4358594
            ]
          ]
        ]
      }
    },
    {
      "type": "Feature",
      "properties": {
        "building": "yes",
        "building:colour": "white",
        "building:material": "concrete",
        "layer": "2",
        "man_made": "chimney",
        "osm_id": 0
      },
      "geometry": {
        "type": "Polygon",
        "coordinates": [
          [
            [
              10.7730030,
              52.4348941
            ],
            [
              10.7730163,
              52.4348942
            ],
            [
              10.7730346,
              52.4348905
            ],
            [
              10.7730484,
              52.4348837
            ],
            [
              10.7730584,
              52.4348724
            ],
            [
              10.7730604,
              52.4348651
            ],
            [
              10.7730576,
              52.4348536
            ],
            [
              10.7730528,
              52.4348475
            ],
            [
              10.7730416,
              52.4348398
            ],
            [
              10.7730342,
              52.4348368
            ],
            [
              10.7730195,
              52.4348336
            ],
            [
              10.7730032,
              52.4348334
            ],
            [
              10.7729901,
              52.4348356
            ],
            [
              10.7729775,
              52.4348404
            ],
            [
              10.7729678,
              52.4348472
            ],
            [
              10.7729608,
              52.4348578
            ],
            [
              10.7729607,
              52.4348695
            ],
            [
              10.7729651,
              52.4348775
            ],
            [
              10.7729738,
              52.4348849
            ],
            [
              10.7729822,
              52.4348893
            ],
            [
              10.7729913,
              52.4348922
            ],
            [
              10.7730030,
              52.4348941
            ]
          ]
        ]
      }
    },
    {
      "type": "Feature",
      "properties": {
        "building": "yes",
        "building:colour": "white",
        "building:material": "concrete",
        "layer": "2",
        "man_made": "chimney",
        "osm_id": 0
      },
      "geometry": {
        "type": "Polygon",
        "coordinates": [
          [
            [
              10.7713821,
              52.4345629
            ],
            [
              10.7713953,
              52.4345630
            ],
            [
              10.7714137,
              52.4345593
            ],
            [
              10.7714274,
              52.4345525
            ],
            [
              10.7714374,
              52.4345412
            ],
            [
              10.7714394,
              52.4345339
            ],
            [
              10.7714366,
              52.4345224
            ],
            [
              10.7714319,
              52.4345163
            ],
            [
              10.7714206,
              52.4345086
            ],
            [
              10.7714132,
              52.4345056
            ],
            [
              10.7713985,
              52.4345024
            ],
            [
              10.7713823,
              52.4345022
            ],
            [
              10.7713691,
              52.4345044
            ],
            [
              10.7713565,
              52.4345092
            ],
            [
              10.7713469,
              52.4345160
            ],
            [
              10.7713398,
              52.4345266
            ],
            [
              10.7713398,
              52.4345383
            ],
            [
              10.7713442,
              52.4345463
            ],
            [
              10.7713528,
              52.4345537
            ],
            [
              10.7713612,
              52.4345580
            ],
            [
              10.7713703,
              52.4345610
            ],
            [
              10.7713821,
              52.4345629
            ]
          ]
        ]
      }
    },
    {
      "type": "Feature",
      "properties": {
        "building": "yes",
        "building:colour": "white",
        "building:material": "concrete",
        "layer": "2",
        "man_made": "chimney",
        "osm_id": 0
      },
      "geometry": {
        "type": "Polygon",
        "coordinates": [
          [
            [
              10.7728007,
              52.4357490
            ],
            [
              10.7728156,
              52.4357484
            ],
            [
              10.7728296,
              52.4357451
            ],
            [
              10.7728415,
              52.4357395
            ],
            [
              10.7728500,
              52.4357320
            ],
            [
              10.7728546,
              52.4357233
            ],
            [
              10.7728548,
              52.4357142
            ],
            [
              10.7728505,
              52.4357054
            ],
            [
              10.7728422,
              52.4356978
            ],
            [
              10.7728306,
              52.4356920
            ],
            [
              10.7728167,
              52.4356886
            ],
            [
              10.7728018,
              52.4356878
            ],
            [
              10.7727871,
              52.4356898
            ],
            [
              10.7727740,
              52.4356942
            ],
            [
              10.7727637,
              52.4357009
            ],
            [
              10.7727571,
              52.4357091
            ],
            [
              10.7727547,
              52.4357181
            ],
            [
              10.7727567,
              52.4357271
            ],
            [
              10.7727631,
              52.4357354
            ],
            [
              10.7727732,
              52.4357422
            ],
            [
              10.7727861,
              52.4357468
            ],
            [
              10.7728007,
              52.4357490
            ]
          ]
        ]
      }
    },
    {
      "type": "Feature",
      "properties": {
        "building": "yes",
        "building:colour": "white",
        "building:material": "concrete",
        "layer": "2",
        "man_made": "chimney",
        "osm_id": 0
      },
      "geometry": {
        "type": "Polygon",
        "coordinates": [
          [
            [
              10.7746344,
              52.4338995
            ],
            [
              10.7746476,
              52.4338996
            ],
            [
              10.7746660,
              52.4338959
            ],
            [
              10.7746797,
              52.4338891
            ],
            [
              10.7746897,
              52.4338778
            ],
            [
              10.7746917,
              52.4338705
            ],
            [
              10.7746889,
              52.4338590
            ],
            [
              10.7746842,
              52.4338529
            ],
            [
              10.7746729,
              52.4338452
            ],
            [
              10.7746655,
              52.4338422
            ],
            [
              10.7746508,
              52.4338390
            ],
            [
              10.7746346,
              52.4338388
            ],
            [
              10.7746214,
              52.4338410
            ],
            [
              10.7746088,
              52.4338458
            ],
            [
              10.7745992,
              52.4338526
            ],
            [
              10.7745921,
              52.4338632
            ],
            [
              10.7745921,
              52.4338749
            ],
            [
              10.7745965,
              52.4338829
            ],
            [
              10.7746051,
              52.4338903
            ],
            [
              10.7746135,
              52.4338946
            ],
            [
              10.7746226,
              52.4338976
            ],
            [
              10.7746344,
              52.4338995
            ]
          ]
        ]
      }
    },
    {
      "type": "Feature",
      "properties": {
        "building": "yes",
        "building:levels": "1",
        "roof:shape": "flat",
        "osm_id": 0
      },
      "geometry": {
        "type": "Polygon",
        "coordinates": [
          [
            [
              10.7977587,
              52.4282279
            ],
            [
              10.7977939,
              52.4282418
            ],
            [
              10.7978897,
              52.4281598
            ],
            [
              10.7979430,
              52.4281849
            ],
            [
              10.7979654,
              52.4281653
            ],
            [
              10.7980340,
              52.4281053
            ],
            [
              10.7979744,
              52.4280373
            ],
            [
              10.7978208,
              52.4280377
            ],
            [
              10.7978214,
              52.4280609
            ],
            [
              10.7976593,
              52.4280596
            ],
            [
              10.7976589,
              52.4280848
            ],
            [
              10.7977519,
              52.4280831
            ],
            [
              10.7978242,
              52.4281698
            ],
            [
              10.7977587,
              52.4282279
            ]
          ]
        ]
      }
    },
    {
      "type": "Feature",
      "properties": {
        "building": "roof",
        "height": "12",
        "layer": "1",
        "min_height": "11.5",
        "roof:shape": "flat",
        "osm_id": 0
      },
      "geometry": {
        "type": "Polygon",
        "coordinates": [
          [
            [
              10.7916790,
              52.4310173
            ],
            [
              10.7912819,
              52.4309822
            ],
            [
              10.7911589,
              52.4314860
            ],
            [
              10.7915683,
              52.4315222
            ],
            [
              10.7915968,
              52.4313905
            ],
            [
              10.7916069,
              52.4313506
            ],
            [
              10.7916348,
              52.4313432
            ],
            [
              10.7916638,
              52.4313320
            ],
            [
              10.7916936,
              52.4313182
            ],
            [
              10.7917168,
              52.4313012
            ],
            [
              10.7917356,
              52.4312865
            ],
            [
              10.7917457,
              52.4312721
            ],
            [
              10.7917491,
              52.4312571
            ],
            [
              10.7917549,
              52.4312327
            ],
            [
              10.7917558,
              52.4312139
            ],
            [
              10.7917515,
              52.4311953
            ],
            [
              10.7917428,
              52.4311745
            ],
            [
              10.7917308,
              52.4311592
            ],
            [
              10.7917125,
              52.4311427
            ],
            [
              10.7917231,
              52.4311386
            ],
            [
              10.7917125,
              52.4311292
            ],
            [
              10.7916888,
              52.4311166
            ],
            [
              10.7916580,
              52.4311036
            ],
            [
              10.7916690,
              52.4310545
            ],
            [
              10.7916790,
              52.4310173
            ]
          ]
        ]
      }
    },
    {
      "type": "Feature",
      "properties": {
        "building": "commercial",
        "building:colour": "white",
        "building:levels": "5",
        "roof:shape": "flat",
        "osm_id": 0
      },
      "geometry": {
        "type": "Polygon",
        "coordinates": [
          [
            [
              10.7954756,
              52.4314129
            ],
            [
              10.7954412,
              52.4315537
            ],
            [
              10.7954224,
              52.4315520
            ],
            [
              10.7950351,
              52.4315168
            ],
            [
              10.7950014,
              52.4315138
            ],
            [
              10.7949863,
              52.4315124
            ],
            [
              10.7945744,
              52.4314750
            ],
            [
              10.7945765,
              52.4314664
            ],
            [
              10.7946068,
              52.4313421
            ],
            [
              10.7946087,
              52.4313342
            ],
            [
              10.7950465,
              52.4313740
            ],
            [
              10.7952657,
              52.4313938
            ],
            [
              10.7954756,
              52.4314129
            ]
          ]
        ]
      }
    },
    {
      "type": "Feature",
      "properties": {
        "building": "commercial",
        "building:colour": "white",
        "building:levels": "5",
        "nohousenumber": "yes",
        "roof:shape": "flat",
        "osm_id": 0
      },
      "geometry": {
        "type": "Polygon",
        "coordinates": [
          [
            [
              10.7945038,
              52.4317675
            ],
            [
              10.7945377,
              52.4316287
            ],
            [
              10.7949440,
              52.4316656
            ],
            [
              10.7949611,
              52.4316671
            ],
            [
              10.7949985,
              52.4316705
            ],
            [
              10.7953849,
              52.4317056
            ],
            [
              10.7954037,
              52.4317073
            ],
            [
              10.7953698,
              52.4318461
            ],
            [
              10.7949360,
              52.4318067
            ],
            [
              10.7948531,
              52.4317992
            ],
            [
              10.7945038,
              52.4317675
            ]
          ]
        ]
      }
    },
    {
      "type": "Feature",
      "properties": {
        "building": "yes",
        "building:colour": "white",
        "building:levels": "5",
        "roof:shape": "flat",
        "osm_id": 0
      },
      "geometry": {
        "type": "Polygon",
        "coordinates": [
          [
            [
              10.7949440,
              52.4316656
            ],
            [
              10.7949611,
              52.4316671
            ],
            [
              10.7949985,
              52.4316705
            ],
            [
              10.7950034,
              52.4316498
            ],
            [
              10.7951105,
              52.4316024
            ],
            [
              10.7950290,
              52.4315363
            ],
            [
              10.7950351,
              52.4315168
            ],
            [
              10.7950014,
              52.4315138
            ],
            [
              10.7949863,
              52.4315124
            ],
            [
              10.7949808,
              52.4315309
            ],
            [
              10.7948712,
              52.4315808
            ],
            [
              10.7949491,
              52.4316449
            ],
            [
              10.7949440,
              52.4316656
            ]
          ]
        ]
      }
    },
    {
      "type": "Feature",
      "properties": {
        "amenity": "exhibition_centre",
        "building": "yes",
        "building:levels": "2",
        "name": "Volkswagen Nutzfahrzeuge",
        "nohousenumber": "yes",
        "opening_hours": "Mo-Su 08:00-16:00",
        "roof:levels": "0",
        "roof:shape": "flat",
        "website": "https://www.autostadt.de/erkunden/markenerlebnis/volkswagen-nutzfahrzeuge",
        "osm_id": 0
      },
      "geometry": {
        "type": "Polygon",
        "coordinates": [
          [
            [
              10.7959943,
              52.4324096
            ],
            [
              10.7958304,
              52.4323944
            ],
            [
              10.7957880,
              52.4323905
            ],
            [
              10.7957943,
              52.4323650
            ],
            [
              10.7958324,
              52.4322104
            ],
            [
              10.7958751,
              52.4322144
            ],
            [
              10.7962929,
              52.4322529
            ],
            [
              10.7967229,
              52.4322926
            ],
            [
              10.7966781,
              52.4324727
            ],
            [
              10.7962531,
              52.4324335
            ],
            [
              10.7961379,
              52.4324228
            ],
            [
              10.7960906,
              52.4324426
            ],
            [
              10.7960659,
              52.4324477
            ],
            [
              10.7960328,
              52.4324507
            ],
            [
              10.7960121,
              52.4324481
            ],
            [
              10.7959937,
              52.4324408
            ],
            [
              10.7959851,
              52.4324320
            ],
            [
              10.7959830,
              52.4324226
            ],
            [
              10.7959878,
              52.4324157
            ],
            [
              10.7959943,
              52.4324096
            ]
          ]
        ]
      }
    },
    {
      "type": "Feature",
      "properties": {
        "addr:city": "Wolfsburg",
        "addr:postcode": "38440",
        "addr:street": "Stadtbrücke",
        "air_conditioning": "yes",
        "building": "yes",
        "building:levels": "6",
        "fee": "yes",
        "layer": "2",
        "museum": "transport",
        "name": "ZeitHaus",
        "opening_hours": "10:00-18:00",
        "roof:shape": "flat",
        "toilets": "yes",
        "tourism": "museum",
        "website": "https://www.autostadt.de/autostadt-erkunden/zeithaus",
        "wheelchair": "yes",
        "wikidata": "Q91450761",
        "osm_id": 0
      },
      "geometry": {
        "type": "Polygon",
        "coordinates": [
          [
            [
              10.7911154,
              52.4318123
            ],
            [
              10.7912251,
              52.4318110
            ],
            [
              10.7912091,
              52.4317313
            ],
            [
              10.7911938,
              52.4316680
            ],
            [
              10.7910280,
              52.4316510
            ],
            [
              10.7909008,
              52.4316411
            ],
            [
              10.7906028,
              52.4316336
            ],
            [
              10.7904321,
              52.4316381
            ],
            [
              10.7902965,
              52.4316538
            ],
            [
              10.7902461,
              52.4317119
            ],
            [
              10.7904543,
              52.4317571
            ],
            [
              10.7904398,
              52.4318159
            ],
            [
              10.7902545,
              52.4318026
            ],
            [
              10.7902457,
              52.4318364
            ],
            [
              10.7903673,
              52.4318469
            ],
            [
              10.7903587,
              52.4318875
            ],
            [
              10.7913104,
              52.4319752
            ],
            [
              10.7913270,
              52.4318993
            ],
            [
              10.7911032,
              52.4318790
            ],
            [
              10.7911091,
              52.4318467
            ],
            [
              10.7911154,
              52.4318123
            ]
          ]
        ]
      }
    },
    {
      "type": "Feature",
      "properties": {
        "building": "commercial",
        "building:colour": "black",
        "building:levels:underground": "3",
        "building:material": "stone",
        "layer": "2",
        "name": "Premium Clubhouse",
        "nohousenumber": "yes",
        "roof:colour": "black",
        "roof:material": "stone",
        "roof:shape": "flat",
        "osm_id": 0
      },
      "geometry": {
        "type": "Polygon",
        "coordinates": [
          [
            [
              10.7903877,
              52.4324486
            ],
            [
              10.7902416,
              52.4324358
            ],
            [
              10.7902310,
              52.4323995
            ],
            [
              10.7902733,
              52.4323495
            ],
            [
              10.7903518,
              52.4322952
            ],
            [
              10.7904372,
              52.4322718
            ],
            [
              10.7905496,
              52.4322496
            ],
            [
              10.7906450,
              52.4322472
            ],
            [
              10.7907037,
              52.4322621
            ],
            [
              10.7907841,
              52.4322774
            ],
            [
              10.7908592,
              52.4323000
            ],
            [
              10.7909376,
              52.4323171
            ],
            [
              10.7909536,
              52.4323325
            ],
            [
              10.7909775,
              52.4323927
            ],
            [
              10.7909157,
              52.4323994
            ],
            [
              10.7908544,
              52.4324008
            ],
            [
              10.7908434,
              52.4324163
            ],
            [
              10.7908318,
              52.4324383
            ],
            [
              10.7909064,
              52.4324366
            ],
            [
              10.7909877,
              52.4324297
            ],
            [
              10.7909841,
              52.4324479
            ],
            [
              10.7909480,
              52.4324615
            ],
            [
              10.7909160,
              52.4324661
            ],
            [
              10.7908291,
              52.4324720
            ],
            [
              10.7907779,
              52.4324757
            ],
            [
              10.7907361,
              52.4324765
            ],
            [
              10.7906444,
              52.4324749
            ],
            [
              10.7905526,
              52.4324681
            ],
            [
              10.7903877,
              52.4324486
            ]
          ]
        ]
      }
    },
    {
      "type": "Feature",
      "properties": {
        "amenity": "exhibition_centre",
        "building": "yes",
        "building:levels": "1",
        "layer": "2",
        "name": "Škoda-Pavillon",
        "nohousenumber": "yes",
        "roof:levels": "0",
        "website": "https://www.autostadt.de/erkunden/markenerlebnis/skoda",
        "osm_id": 0
      },
      "geometry": {
        "type": "Polygon",
        "coordinates": [
          [
            [
              10.7921496,
              52.4325986
            ],
            [
              10.7921643,
              52.4326341
            ],
            [
              10.7921911,
              52.4326619
            ],
            [
              10.7922332,
              52.4326854
            ],
            [
              10.7922803,
              52.4327007
            ],
            [
              10.7923348,
              52.4327092
            ],
            [
              10.7923989,
              52.4327064
            ],
            [
              10.7924498,
              52.4326949
            ],
            [
              10.7925005,
              52.4326723
            ],
            [
              10.7925435,
              52.4326411
            ],
            [
              10.7925571,
              52.4326210
            ],
            [
              10.7925656,
              52.4325934
            ],
            [
              10.7926231,
              52.4325962
            ],
            [
              10.7926266,
              52.4325700
            ],
            [
              10.7926176,
              52.4325423
            ],
            [
              10.7926009,
              52.4325134
            ],
            [
              10.7925715,
              52.4324845
            ],
            [
              10.7925388,
              52.4324966
            ],
            [
              10.7925050,
              52.4324752
            ],
            [
              10.7924567,
              52.4324573
            ],
            [
              10.7924092,
              52.4324473
            ],
            [
              10.7923616,
              52.4324454
            ],
            [
              10.7923614,
              52.4324130
            ],
            [
              10.7923160,
              52.4324262
            ],
            [
              10.7922798,
              52.4324437
            ],
            [
              10.7922609,
              52.4324580
            ],
            [
              10.7922462,
              52.4324691
            ],
            [
              10.7922128,
              52.4324394
            ],
            [
              10.7921962,
              52.4324561
            ],
            [
              10.7921853,
              52.4324689
            ],
            [
              10.7921744,
              52.4324870
            ],
            [
              10.7921705,
              52.4325043
            ],
            [
              10.7921710,
              52.4325242
            ],
            [
              10.7921193,
              52.4325125
            ],
            [
              10.7921095,
              52.4325375
            ],
            [
              10.7921087,
              52.4325616
            ],
            [
              10.7921178,
              52.4325825
            ],
            [
              10.7921284,
              52.4325995
            ],
            [
              10.7921496,
              52.4325986
            ]
          ]
        ]
      }
    },
    {
      "type": "Feature",
      "properties": {
        "building": "commercial",
        "building:colour": "black",
        "building:levels": "4",
        "layer": "2",
        "name": "Lamborghini",
        "nohousenumber": "yes",
        "roof:colour": "black",
        "roof:shape": "flat",
        "osm_id": 0
      },
      "geometry": {
        "type": "Polygon",
        "coordinates": [
          [
            [
              10.7915237,
              52.4326705
            ],
            [
              10.7916936,
              52.4327808
            ],
            [
              10.7916241,
              52.4328209
            ],
            [
              10.7915603,
              52.4327792
            ],
            [
              10.7914541,
              52.4327106
            ],
            [
              10.7914689,
              52.4327021
            ],
            [
              10.7915237,
              52.4326705
            ]
          ]
        ]
      }
    },
    {
      "type": "Feature",
      "properties": {
        "amenity": "exhibition_centre",
        "building": "yes",
        "building:colour": "white",
        "building:levels": "2",
        "layer": "2",
        "name": "Seat-Pavillon",
        "website": "https://www.autostadt.de/erkunden/markenerlebnis/seat",
        "osm_id": 0
      },
      "geometry": {
        "type": "Polygon",
        "coordinates": [
          [
            [
              10.7931784,
              52.4327615
            ],
            [
              10.7933045,
              52.4327664
            ],
            [
              10.7933631,
              52.4327687
            ],
            [
              10.7935298,
              52.4327727
            ],
            [
              10.7936254,
              52.4327616
            ],
            [
              10.7936869,
              52.4327467
            ],
            [
              10.7937348,
              52.4327229
            ],
            [
              10.7937620,
              52.4326982
            ],
            [
              10.7937816,
              52.4326664
            ],
            [
              10.7938770,
              52.4325346
            ],
            [
              10.7938942,
              52.4325109
            ],
            [
              10.7937825,
              52.4325042
            ],
            [
              10.7937124,
              52.4324992
            ],
            [
              10.7936298,
              52.4324949
            ],
            [
              10.7935917,
              52.4325058
            ],
            [
              10.7935645,
              52.4325257
            ],
            [
              10.7935432,
              52.4325553
            ],
            [
              10.7935540,
              52.4325745
            ],
            [
              10.7935830,
              52.4325941
            ],
            [
              10.7936271,
              52.4326249
            ],
            [
              10.7936039,
              52.4326396
            ],
            [
              10.7935748,
              52.4326555
            ],
            [
              10.7935363,
              52.4326354
            ],
            [
              10.7934946,
              52.4326236
            ],
            [
              10.7934523,
              52.4326171
            ],
            [
              10.7934104,
              52.4326209
            ],
            [
              10.7933549,
              52.4326375
            ],
            [
              10.7933236,
              52.4326531
            ],
            [
              10.7931784,
              52.4327615
            ]
          ]
        ]
      }
    },
    {
      "type": "Feature",
      "properties": {
        "amenity": "exhibition_centre",
        "building": "yes",
        "building:material": "glass",
        "layer": "2",
        "name": "Audi-Pavillon",
        "nohousenumber": "yes",
        "roof:shape": "flat",
        "website": "https://www.autostadt.de/erkunden/markenerlebnis/audi-house-of-progress",
        "osm_id": 0
      },
      "geometry": {
        "type": "Polygon",
        "coordinates": [
          [
            [
              10.7925019,
              52.4329594
            ],
            [
              10.7925331,
              52.4329453
            ],
            [
              10.7925877,
              52.4329278
            ],
            [
              10.7926593,
              52.4329190
            ],
            [
              10.7927351,
              52.4329235
            ],
            [
              10.7927947,
              52.4329414
            ],
            [
              10.7928380,
              52.4329668
            ],
            [
              10.7928822,
              52.4330007
            ],
            [
              10.7929012,
              52.4330449
            ],
            [
              10.7929031,
              52.4330808
            ],
            [
              10.7928945,
              52.4331174
            ],
            [
              10.7928588,
              52.4331521
            ],
            [
              10.7928120,
              52.4331804
            ],
            [
              10.7927608,
              52.4331992
            ],
            [
              10.7927042,
              52.4332093
            ],
            [
              10.7926856,
              52.4332302
            ],
            [
              10.7926553,
              52.4332550
            ],
            [
              10.7926112,
              52.4332757
            ],
            [
              10.7925523,
              52.4332901
            ],
            [
              10.7924869,
              52.4332956
            ],
            [
              10.7924205,
              52.4332898
            ],
            [
              10.7923647,
              52.4332735
            ],
            [
              10.7923210,
              52.4332523
            ],
            [
              10.7922846,
              52.4332240
            ],
            [
              10.7922632,
              52.4331883
            ],
            [
              10.7922526,
              52.4331570
            ],
            [
              10.7922570,
              52.4331181
            ],
            [
              10.7922777,
              52.4330864
            ],
            [
              10.7923071,
              52.4330587
            ],
            [
              10.7923539,
              52.4330321
            ],
            [
              10.7924077,
              52.4330159
            ],
            [
              10.7924473,
              52.4330092
            ],
            [
              10.7924688,
              52.4329835
            ],
            [
              10.7925019,
              52.4329594
            ]
          ]
        ]
      }
    },
    {
      "type": "Feature",
      "properties": {
        "addr:city": "Wolfsburg",
        "addr:country": "DE",
        "addr:housenumber": "1",
        "addr:postcode": "38440",
        "addr:street": "Willy-Brandt-Platz",
        "architect:wikidata": "Q47780",
        "building": "commercial",
        "building:levels": "4",
        "building:material": "concrete",
        "building:min_level": "0",
        "check_date": "2025-07-10",
        "description": "Wissenschaftsmuseum",
        "email": "entdecke@phaeno.de",
        "fee": "yes",
        "layer": "1",
        "museum": "science",
        "name": "phaeno",
        "official_name": "Phaeno Science Center",
        "opening_hours": "Tu-Fr 09:00-17:00; Sa,Su,PH 10:00-18:00",
        "outline": "yes",
        "ref": "phaeno",
        "roof:material": "concrete",
        "roof:shape": "flat",
        "toilets:wheelchair": "yes",
        "tourism": "museum",
        "website": "https://www.phaeno.de",
        "wheelchair": "yes",
        "wikidata": "Q265695",
        "wikipedia": "de:Phaeno",
        "osm_id": 0
      },
      "geometry": {
        "type": "Polygon",
        "coordinates": [
          [
            [
              10.7893329,
              52.4290951
            ],
            [
              10.7915260,
              52.4292268
            ],
            [
              10.7914278,
              52.4291169
            ],
            [
              10.7912527,
              52.4289305
            ],
            [
              10.7910687,
              52.4287668
            ],
            [
              10.7908488,
              52.4284831
            ],
            [
              10.7898429,
              52.4287726
            ],
            [
              10.7893329,
              52.4290951
            ]
          ]
        ]
      }
    },
    {
      "type": "Feature",
      "properties": {
        "building": "commercial",
        "building:colour": "white",
        "building:levels": "4",
        "nohousenumber": "yes",
        "roof:shape": "flat",
        "osm_id": 0
      },
      "geometry": {
        "type": "Polygon",
        "coordinates": [
          [
            [
              10.7946068,
              52.4313421
            ],
            [
              10.7945765,
              52.4314664
            ],
            [
              10.7943244,
              52.4314436
            ],
            [
              10.7943547,
              52.4313192
            ],
            [
              10.7944687,
              52.4313296
            ],
            [
              10.7945950,
              52.4313410
            ],
            [
              10.7946068,
              52.4313421
            ]
          ]
        ]
      }
    },
    {
      "type": "Feature",
      "properties": {
        "addr:city": "Wolfsburg",
        "addr:country": "DE",
        "addr:housenumber": "8",
        "addr:postcode": "38440",
        "addr:street": "Willy-Brandt-Platz",
        "building": "office",
        "building:levels": "5",
        "name": "HR:City",
        "roof:shape": "flat",
        "osm_id": 0
      },
      "geometry": {
        "type": "Polygon",
        "coordinates": [
          [
            [
              10.7887071,
              52.4280114
            ],
            [
              10.7898534,
              52.4279845
            ],
            [
              10.7897766,
              52.4280830
            ],
            [
              10.7896809,
              52.4281897
            ],
            [
              10.7896457,
              52.4282166
            ],
            [
              10.7895845,
              52.4282488
            ],
            [
              10.7895166,
              52.4282788
            ],
            [
              10.7889424,
              52.4284143
            ],
            [
              10.7887071,
              52.4280114
            ]
          ]
        ]
      }
    },
    {
      "type": "Feature",
      "properties": {
        "addr:city": "Wolfsburg",
        "addr:country": "DE",
        "addr:housenumber": "3",
        "addr:postcode": "38440",
        "addr:street": "Willy-Brandt-Platz",
        "building": "train_station",
        "building:colour": "red",
        "building:levels": "2",
        "building:material": "brick",
        "layer": "1",
        "name": "Wolfsburg Hauptbahnhof",
        "roof:shape": "flat",
        "wikimedia_commons": "Category:Wolfsburg_Hauptbahnhof",
        "wikipedia": "de:Wolfsburg Hauptbahnhof",
        "osm_id": 0
      },
      "geometry": {
        "type": "Polygon",
        "coordinates": [
          [
            [
              10.7871445,
              52.4290225
            ],
            [
              10.7875491,
              52.4290488
            ],
            [
              10.7875530,
              52.4290282
            ],
            [
              10.7877306,
              52.4290399
            ],
            [
              10.7879640,
              52.4290554
            ],
            [
              10.7881150,
              52.4290654
            ],
            [
              10.7881124,
              52.4290840
            ],
            [
              10.7885014,
              52.4291089
            ],
            [
              10.7884755,
              52.4292684
            ],
            [
              10.7879501,
              52.4292337
            ],
            [
              10.7879486,
              52.4292412
            ],
            [
              10.7879470,
              52.4292491
            ],
            [
              10.7879444,
              52.4292624
            ],
            [
              10.7876750,
              52.4292445
            ],
            [
              10.7876773,
              52.4292321
            ],
            [
              10.7876785,
              52.4292248
            ],
            [
              10.7876798,
              52.4292176
            ],
            [
              10.7871173,
              52.4291805
            ],
            [
              10.7871240,
              52.4291416
            ],
            [
              10.7871445,
              52.4290225
            ]
          ]
        ]
      }
    },
    {
      "type": "Feature",
      "properties": {
        "addr:city": "Wolfsburg",
        "addr:country": "DE",
        "addr:housenumber": "2",
        "addr:postcode": "38440",
        "addr:street": "Porschestraße",
        "building": "office",
        "building:levels": "5",
        "roof:shape": "flat",
        "osm_id": 0
      },
      "geometry": {
        "type": "Polygon",
        "coordinates": [
          [
            [
              10.7893239,
              52.4277680
            ],
            [
              10.7900623,
              52.4277563
            ],
            [
              10.7901046,
              52.4276553
            ],
            [
              10.7899707,
              52.4273613
            ],
            [
              10.7893136,
              52.4273672
            ],
            [
              10.7893239,
              52.4277680
            ]
          ]
        ]
      }
    },
    {
      "type": "Feature",
      "properties": {
        "addr:city": "Wolfsburg",
        "addr:country": "DE",
        "addr:housenumber": "12",
        "addr:postcode": "38440",
        "addr:street": "Heßlinger Straße",
        "building": "yes",
        "building:levels": "5",
        "name": "Volkswagen Logistics GmbH & Co. OHG",
        "office": "company",
        "roof:levels": "1",
        "roof:shape": "flat",
        "osm_id": 0
      },
      "geometry": {
        "type": "Polygon",
        "coordinates": [
          [
            [
              10.7923894,
              52.4272610
            ],
            [
              10.7921943,
              52.4272645
            ],
            [
              10.7922144,
              52.4274725
            ],
            [
              10.7922334,
              52.4275265
            ],
            [
              10.7922749,
              52.4275626
            ],
            [
              10.7923453,
              52.4275862
            ],
            [
              10.7924210,
              52.4275930
            ],
            [
              10.7933692,
              52.4275665
            ],
            [
              10.7933582,
              52.4274402
            ],
            [
              10.7930800,
              52.4274493
            ],
            [
              10.7928582,
              52.4274565
            ],
            [
              10.7924086,
              52.4274711
            ],
            [
              10.7923957,
              52.4273545
            ],
            [
              10.7923894,
              52.4272610
            ]
          ]
        ]
      }
    },
    {
      "type": "Feature",
      "properties": {
        "building": "apartments",
        "building:colour": "white",
        "building:levels": "4",
        "osm_id": 0
      },
      "geometry": {
        "type": "Polygon",
        "coordinates": [
          [
            [
              10.7952774,
              52.4273805
            ],
            [
              10.7954932,
              52.4273345
            ],
            [
              10.7957023,
              52.4273006
            ],
            [
              10.7958669,
              52.4272773
            ],
            [
              10.7960450,
              52.4272618
            ],
            [
              10.7962010,
              52.4272526
            ],
            [
              10.7963554,
              52.4272494
            ],
            [
              10.7965771,
              52.4272513
            ],
            [
              10.7965795,
              52.4271470
            ],
            [
              10.7963821,
              52.4271389
            ],
            [
              10.7961766,
              52.4271414
            ],
            [
              10.7959763,
              52.4271519
            ],
            [
              10.7957875,
              52.4271728
            ],
            [
              10.7955986,
              52.4272042
            ],
            [
              10.7954012,
              52.4272461
            ],
            [
              10.7952289,
              52.4272960
            ],
            [
              10.7952774,
              52.4273805
            ]
          ]
        ]
      }
    },
    {
      "type": "Feature",
      "properties": {
        "building": "yes",
        "building:levels": "4",
        "roof:shape": "flat",
        "osm_id": 0
      },
      "geometry": {
        "type": "Polygon",
        "coordinates": [
          [
            [
              10.7935606,
              52.4275026
            ],
            [
              10.7946035,
              52.4274779
            ],
            [
              10.7946045,
              52.4274942
            ],
            [
              10.7946090,
              52.4275655
            ],
            [
              10.7935662,
              52.4275901
            ],
            [
              10.7935606,
              52.4275026
            ]
          ]
        ]
      }
    },
    {
      "type": "Feature",
      "properties": {
        "building": "yes",
        "building:levels": "3",
        "building:material": "silver",
        "check_date:opening_hours": "2025-10-29",
        "information": "office",
        "internet_access:fee": "yes",
        "name": "Center-Information",
        "opening_hours": "Mo-Th 10:00-19:00; Fr,Sa 10:00-20:00",
        "roof:shape": "flat",
        "tourism": "information",
        "wheelchair": "yes",
        "osm_id": 0
      },
      "geometry": {
        "type": "Polygon",
        "coordinates": [
          [
            [
              10.7922329,
              52.4287589
            ],
            [
              10.7920120,
              52.4287639
            ],
            [
              10.7920196,
              52.4288835
            ],
            [
              10.7921707,
              52.4288799
            ],
            [
              10.7921838,
              52.4288796
            ],
            [
              10.7922401,
              52.4288783
            ],
            [
              10.7922329,
              52.4287589
            ]
          ]
        ]
      }
    },
    {
      "type": "Feature",
      "properties": {
        "addr:city": "Wolfsburg",
        "addr:housenumber": "1",
        "addr:postcode": "38440",
        "addr:street": "An der Vorburg",
        "addr:unit": "1",
        "amenity": "restaurant",
        "brand": "L'Osteria",
        "brand:wikidata": "Q17323478",
        "brand:wikipedia": "de:L’Osteria",
        "building": "retail",
        "building:levels": "3",
        "building:material": "silver",
        "check_date:opening_hours": "2024-08-24",
        "contact:email": "contact@losteria.de",
        "contact:website": "https://losteria.net/de/restaurants/restaurant/wolfsburg-designer-outlets/",
        "cuisine": "italian",
        "diet:vegetarian": "yes",
        "name": "L'Osteria",
        "opening_hours:signed": "no",
        "phone": "+49 5361 8670404",
        "ref": "Unit 1",
        "roof:shape": "flat",
        "wheelchair": "yes",
        "osm_id": 0
      },
      "geometry": {
        "type": "Polygon",
        "coordinates": [
          [
            [
              10.7922020,
              52.4292693
            ],
            [
              10.7925323,
              52.4292902
            ],
            [
              10.7925128,
              52.4290319
            ],
            [
              10.7921842,
              52.4290402
            ],
            [
              10.7922020,
              52.4292693
            ]
          ]
        ]
      }
    },
    {
      "type": "Feature",
      "properties": {
        "addr:city": "Wolfsburg",
        "addr:country": "DE",
        "addr:housenumber": "1",
        "addr:postcode": "38440",
        "addr:street": "Parkstraße",
        "brand": "The Ritz-Carlton",
        "brand:wikidata": "Q782200",
        "brand:wikipedia": "en:The Ritz-Carlton Hotel Company",
        "building": "hotel",
        "building:levels": "5",
        "layer": "2",
        "name": "The Ritz-Carlton",
        "operator": "RitzCarlton",
        "phone": "+49 5361 607000",
        "roof:shape": "flat",
        "toilets:wheelchair": "yes",
        "tourism": "hotel",
        "website": "http://www.ritzcarlton.com/de/Properties/Wolfsburg/Default.htm",
        "wheelchair": "yes",
        "wikidata": "Q16857471",
        "wikimedia_commons": "Category:The_Ritz-Carlton_Wolfsburg",
        "osm_id": 0
      },
      "geometry": {
        "type": "Polygon",
        "coordinates": [
          [
            [
              10.7903192,
              52.4328924
            ],
            [
              10.7901978,
              52.4328909
            ],
            [
              10.7900758,
              52.4329166
            ],
            [
              10.7900222,
              52.4329357
            ],
            [
              10.7899485,
              52.4329770
            ],
            [
              10.7898839,
              52.4330282
            ],
            [
              10.7898616,
              52.4330879
            ],
            [
              10.7898528,
              52.4331374
            ],
            [
              10.7898693,
              52.4332001
            ],
            [
              10.7898909,
              52.4332326
            ],
            [
              10.7899117,
              52.4332524
            ],
            [
              10.7899589,
              52.4332943
            ],
            [
              10.7900221,
              52.4333250
            ],
            [
              10.7900841,
              52.4333449
            ],
            [
              10.7901515,
              52.4333580
            ],
            [
              10.7902100,
              52.4333648
            ],
            [
              10.7902983,
              52.4333649
            ],
            [
              10.7903996,
              52.4333517
            ],
            [
              10.7904855,
              52.4333219
            ],
            [
              10.7905344,
              52.4332911
            ],
            [
              10.7905732,
              52.4332600
            ],
            [
              10.7908217,
              52.4333550
            ],
            [
              10.7907518,
              52.4334171
            ],
            [
              10.7906574,
              52.4334694
            ],
            [
              10.7905474,
              52.4335111
            ],
            [
              10.7903987,
              52.4335447
            ],
            [
              10.7902659,
              52.4335566
            ],
            [
              10.7901750,
              52.4335560
            ],
            [
              10.7900693,
              52.4335429
            ],
            [
              10.7899896,
              52.4335281
            ],
            [
              10.7899011,
              52.4335044
            ],
            [
              10.7898102,
              52.4334709
            ],
            [
              10.7897569,
              52.4334410
            ],
            [
              10.7897105,
              52.4334018
            ],
            [
              10.7896650,
              52.4333639
            ],
            [
              10.7896189,
              52.4333076
            ],
            [
              10.7895929,
              52.4332549
            ],
            [
              10.7895709,
              52.4332082
            ],
            [
              10.7895591,
              52.4331682
            ],
            [
              10.7895612,
              52.4330851
            ],
            [
              10.7895979,
              52.4329898
            ],
            [
              10.7896541,
              52.4329189
            ],
            [
              10.7897323,
              52.4328517
            ],
            [
              10.7898334,
              52.4328048
            ],
            [
              10.7899328,
              52.4327641
            ],
            [
              10.7900219,
              52.4327388
            ],
            [
              10.7901420,
              52.4327164
            ],
            [
              10.7902599,
              52.4327123
            ],
            [
              10.7903629,
              52.4327188
            ],
            [
              10.7903192,
              52.4328924
            ]
          ]
        ]
      }
    },
    {
      "type": "Feature",
      "properties": {
        "building": "yes",
        "building:levels": "1",
        "information": "office",
        "name": "GeländeParcours",
        "operator": "Autostadt",
        "roof:shape": "flat",
        "tourism": "information",
        "osm_id": 0
      },
      "geometry": {
        "type": "Polygon",
        "coordinates": [
          [
            [
              10.7915426,
              52.4300789
            ],
            [
              10.7915695,
              52.4300107
            ],
            [
              10.7917315,
              52.4300346
            ],
            [
              10.7917168,
              52.4300716
            ],
            [
              10.7917045,
              52.4301028
            ],
            [
              10.7915426,
              52.4300789
            ]
          ]
        ]
      }
    },
    {
      "type": "Feature",
      "properties": {
        "building": "yes",
        "building:colour": "white",
        "height": "12",
        "roof:shape": "flat",
        "osm_id": 0
      },
      "geometry": {
        "type": "Polygon",
        "coordinates": [
          [
            [
              10.7883430,
              52.4277004
            ],
            [
              10.7881882,
              52.4277063
            ],
            [
              10.7881866,
              52.4276654
            ],
            [
              10.7881807,
              52.4275813
            ],
            [
              10.7881771,
              52.4275032
            ],
            [
              10.7882424,
              52.4275017
            ],
            [
              10.7882385,
              52.4274245
            ],
            [
              10.7880736,
              52.4274274
            ],
            [
              10.7880680,
              52.4273393
            ],
            [
              10.7883643,
              52.4273311
            ],
            [
              10.7883721,
              52.4274217
            ],
            [
              10.7883274,
              52.4274228
            ],
            [
              10.7883365,
              52.4275828
            ],
            [
              10.7883430,
              52.4277004
            ]
          ]
        ]
      }
    },
    {
      "type": "Feature",
      "properties": {
        "building": "yes",
        "building:colour": "white",
        "building:levels": "1",
        "height": "5",
        "roof:shape": "flat",
        "osm_id": 0
      },
      "geometry": {
        "type": "Polygon",
        "coordinates": [
          [
            [
              10.7880680,
              52.4273393
            ],
            [
              10.7883643,
              52.4273311
            ],
            [
              10.7883721,
              52.4274217
            ],
            [
              10.7883274,
              52.4274228
            ],
            [
              10.7883365,
              52.4275828
            ],
            [
              10.7883718,
              52.4274629
            ],
            [
              10.7883736,
              52.4274567
            ],
            [
              10.7884297,
              52.4273451
            ],
            [
              10.7884273,
              52.4273315
            ],
            [
              10.7884085,
              52.4273217
            ],
            [
              10.7879325,
              52.4272614
            ],
            [
              10.7879137,
              52.4273899
            ],
            [
              10.7880013,
              52.4273943
            ],
            [
              10.7880014,
              52.4274286
            ],
            [
              10.7880736,
              52.4274274
            ],
            [
              10.7880680,
              52.4273393
            ]
          ]
        ]
      }
    },
    {
      "type": "Feature",
      "properties": {
        "addr:city": "Wolfsburg",
        "addr:housenumber": "25",
        "addr:postcode": "38440",
        "addr:street": "Heßlinger Straße",
        "building": "yes",
        "building:levels": "1",
        "osm_id": 0
      },
      "geometry": {
        "type": "Polygon",
        "coordinates": [
          [
            [
              10.7955916,
              52.4281335
            ],
            [
              10.7955871,
              52.4279645
            ],
            [
              10.7957196,
              52.4279632
            ],
            [
              10.7957242,
              52.4281321
            ],
            [
              10.7955916,
              52.4281335
            ]
          ]
        ]
      }
    },
    {
      "type": "Feature",
      "properties": {
        "building": "commercial",
        "building:levels": "1",
        "nohousenumber": "yes",
        "roof:shape": "flat",
        "osm_id": 0
      },
      "geometry": {
        "type": "Polygon",
        "coordinates": [
          [
            [
              10.7975723,
              52.4320905
            ],
            [
              10.7976295,
              52.4320954
            ],
            [
              10.7976472,
              52.4320180
            ],
            [
              10.7975899,
              52.4320131
            ],
            [
              10.7975723,
              52.4320905
            ]
          ]
        ]
      }
    },
    {
      "type": "Feature",
      "properties": {
        "building": "roof",
        "building:levels": "3",
        "building:min_level": "2",
        "layer": "1",
        "osm_id": 0
      },
      "geometry": {
        "type": "Polygon",
        "coordinates": [
          [
            [
              10.7935748,
              52.4326555
            ],
            [
              10.7934884,
              52.4326005
            ],
            [
              10.7935408,
              52.4325699
            ],
            [
              10.7936271,
              52.4326249
            ],
            [
              10.7936039,
              52.4326396
            ],
            [
              10.7935748,
              52.4326555
            ]
          ]
        ]
      }
    },
    {
      "type": "Feature",
      "properties": {
        "building": "yes",
        "building:levels": "3",
        "building:min_level": "2",
        "roof:shape": "flat",
        "osm_id": 0
      },
      "geometry": {
        "type": "Polygon",
        "coordinates": [
          [
            [
              10.7950652,
              52.4279784
            ],
            [
              10.7950293,
              52.4279790
            ],
            [
              10.7949907,
              52.4279801
            ],
            [
              10.7949880,
              52.4279394
            ],
            [
              10.7950279,
              52.4279386
            ],
            [
              10.7950629,
              52.4279378
            ],
            [
              10.7950652,
              52.4279784
            ]
          ]
        ]
      }
    },
    {
      "type": "Feature",
      "properties": {
        "building": "yes",
        "building:colour": "white",
        "building:levels": "5",
        "building:min_level": "1",
        "layer": "2",
        "roof:shape": "flat",
        "osm_id": 0
      },
      "geometry": {
        "type": "Polygon",
        "coordinates": [
          [
            [
              10.7932237,
              52.4281387
            ],
            [
              10.7932205,
              52.4280566
            ],
            [
              10.7932151,
              52.4279215
            ],
            [
              10.7932147,
              52.4279102
            ],
            [
              10.7933960,
              52.4279076
            ],
            [
              10.7933981,
              52.4279609
            ],
            [
              10.7934016,
              52.4280526
            ],
            [
              10.7934049,
              52.4281360
            ],
            [
              10.7932237,
              52.4281387
            ]
          ]
        ]
      }
    },
    {
      "type": "Feature",
      "properties": {
        "building": "school",
        "building:colour": "white",
        "building:levels": "3",
        "layer": "1",
        "roof:shape": "flat",
        "osm_id": 0
      },
      "geometry": {
        "type": "Polygon",
        "coordinates": [
          [
            [
              10.7939167,
              52.4279495
            ],
            [
              10.7935459,
              52.4279577
            ],
            [
              10.7935513,
              52.4280493
            ],
            [
              10.7939221,
              52.4280411
            ],
            [
              10.7939167,
              52.4279495
            ]
          ]
        ]
      }
    },
    {
      "type": "Feature",
      "properties": {
        "building": "roof",
        "layer": "2",
        "roof:shape": "flat",
        "osm_id": 0
      },
      "geometry": {
        "type": "Polygon",
        "coordinates": [
          [
            [
              10.7924287,
              52.4303186
            ],
            [
              10.7923038,
              52.4303758
            ],
            [
              10.7922632,
              52.4303943
            ],
            [
              10.7920102,
              52.4301424
            ],
            [
              10.7919592,
              52.4299949
            ],
            [
              10.7919830,
              52.4299915
            ],
            [
              10.7921051,
              52.4299738
            ],
            [
              10.7921306,
              52.4299701
            ],
            [
              10.7923110,
              52.4301429
            ],
            [
              10.7924287,
              52.4303186
            ]
          ]
        ]
      }
    },
    {
      "type": "Feature",
      "properties": {
        "building": "roof",
        "building:levels": "1",
        "building:min_level": "1",
        "layer": "1",
        "roof:material": "concrete",
        "roof:shape": "flat",
        "osm_id": 0
      },
      "geometry": {
        "type": "Polygon",
        "coordinates": [
          [
            [
              10.7875530,
              52.4290282
            ],
            [
              10.7875238,
              52.4290263
            ],
            [
              10.7875286,
              52.4289996
            ],
            [
              10.7875310,
              52.4289858
            ],
            [
              10.7878608,
              52.4290076
            ],
            [
              10.7881427,
              52.4290263
            ],
            [
              10.7881402,
              52.4290401
            ],
            [
              10.7881355,
              52.4290667
            ],
            [
              10.7881150,
              52.4290654
            ],
            [
              10.7879640,
              52.4290554
            ],
            [
              10.7877306,
              52.4290399
            ],
            [
              10.7875530,
              52.4290282
            ]
          ]
        ]
      }
    },
    {
      "type": "Feature",
      "properties": {
        "building": "yes",
        "building:colour": "red",
        "building:levels": "3",
        "building:material": "brick",
        "building:min_level": "2",
        "disused": "yes",
        "layer": "2",
        "name": "Wolfsburg Wf",
        "operator": "DB Netz AG",
        "railway": "signal_box",
        "railway:ref": "Wf",
        "railway:signal_box": "track_diagram",
        "roof:shape": "flat",
        "osm_id": 0
      },
      "geometry": {
        "type": "Polygon",
        "coordinates": [
          [
            [
              10.7883654,
              52.4291894
            ],
            [
              10.7883493,
              52.4291890
            ],
            [
              10.7883345,
              52.4291919
            ],
            [
              10.7883271,
              52.4291972
            ],
            [
              10.7883197,
              52.4292037
            ],
            [
              10.7882706,
              52.4292951
            ],
            [
              10.7882854,
              52.4293021
            ],
            [
              10.7882994,
              52.4293081
            ],
            [
              10.7883135,
              52.4293121
            ],
            [
              10.7883277,
              52.4293137
            ],
            [
              10.7883435,
              52.4293147
            ],
            [
              10.7883588,
              52.4293152
            ],
            [
              10.7883744,
              52.4293136
            ],
            [
              10.7883937,
              52.4293096
            ],
            [
              10.7884101,
              52.4293035
            ],
            [
              10.7883969,
              52.4292085
            ],
            [
              10.7883919,
              52.4292009
            ],
            [
              10.7883808,
              52.4291939
            ],
            [
              10.7883654,
              52.4291894
            ]
          ]
        ]
      }
    },
    {
      "type": "Feature",
      "properties": {
        "building": "commercial",
        "roof:shape": "flat",
        "osm_id": 0
      },
      "geometry": {
        "type": "Polygon",
        "coordinates": [
          [
            [
              10.7879250,
              52.4276741
            ],
            [
              10.7881866,
              52.4276654
            ],
            [
              10.7881807,
              52.4275813
            ],
            [
              10.7879210,
              52.4275881
            ],
            [
              10.7879250,
              52.4276741
            ]
          ]
        ]
      }
    },
    {
      "type": "Feature",
      "properties": {
        "amenity": "shelter",
        "building": "roof",
        "building:levels": "1",
        "building:min_level": "1",
        "layer": "1",
        "roof:shape": "flat",
        "shelter_type": "public_transport",
        "osm_id": 0
      },
      "geometry": {
        "type": "Polygon",
        "coordinates": [
          [
            [
              10.7864486,
              52.4293109
            ],
            [
              10.7864146,
              52.4293170
            ],
            [
              10.7863910,
              52.4293242
            ],
            [
              10.7863742,
              52.4293368
            ],
            [
              10.7863646,
              52.4293505
            ],
            [
              10.7863687,
              52.4293673
            ],
            [
              10.7863808,
              52.4293805
            ],
            [
              10.7863964,
              52.4293891
            ],
            [
              10.7864256,
              52.4293987
            ],
            [
              10.7874912,
              52.4294689
            ],
            [
              10.7878428,
              52.4294909
            ],
            [
              10.7881090,
              52.4295092
            ],
            [
              10.7883645,
              52.4295249
            ],
            [
              10.7883958,
              52.4295182
            ],
            [
              10.7884208,
              52.4295105
            ],
            [
              10.7884348,
              52.4294976
            ],
            [
              10.7884410,
              52.4294841
            ],
            [
              10.7884377,
              52.4294697
            ],
            [
              10.7884227,
              52.4294534
            ],
            [
              10.7884061,
              52.4294436
            ],
            [
              10.7883788,
              52.4294337
            ],
            [
              10.7881331,
              52.4294174
            ],
            [
              10.7881241,
              52.4294168
            ],
            [
              10.7875066,
              52.4293774
            ],
            [
              10.7873219,
              52.4293656
            ],
            [
              10.7865872,
              52.4293199
            ],
            [
              10.7864486,
              52.4293109
            ]
          ]
        ]
      }
    },
    {
      "type": "Feature",
      "properties": {
        "amenity": "shelter",
        "building": "roof",
        "building:levels": "1",
        "building:min_level": "1",
        "layer": "1",
        "roof:shape": "flat",
        "shelter_type": "public_transport",
        "osm_id": 0
      },
      "geometry": {
        "type": "Polygon",
        "coordinates": [
          [
            [
              10.7864160,
              52.4294689
            ],
            [
              10.7863872,
              52.4294755
            ],
            [
              10.7863637,
              52.4294846
            ],
            [
              10.7863500,
              52.4294952
            ],
            [
              10.7863378,
              52.4295081
            ],
            [
              10.7863431,
              52.4295277
            ],
            [
              10.7863537,
              52.4295394
            ],
            [
              10.7863714,
              52.4295515
            ],
            [
              10.7863986,
              52.4295603
            ],
            [
              10.7865413,
              52.4295696
            ],
            [
              10.7883353,
              52.4296864
            ],
            [
              10.7883662,
              52.4296827
            ],
            [
              10.7883884,
              52.4296750
            ],
            [
              10.7884048,
              52.4296612
            ],
            [
              10.7884110,
              52.4296446
            ],
            [
              10.7884067,
              52.4296301
            ],
            [
              10.7883942,
              52.4296129
            ],
            [
              10.7883747,
              52.4296015
            ],
            [
              10.7883518,
              52.4295945
            ],
            [
              10.7874823,
              52.4295381
            ],
            [
              10.7864160,
              52.4294689
            ]
          ]
        ]
      }
    },
    {
      "type": "Feature",
      "properties": {
        "building": "yes",
        "building:colour": "brown",
        "building:levels": "7",
        "roof:shape": "flat",
        "osm_id": 0
      },
      "geometry": {
        "type": "Polygon",
        "coordinates": [
          [
            [
              10.7919845,
              52.4284212
            ],
            [
              10.7919581,
              52.4281847
            ],
            [
              10.7919450,
              52.4280749
            ],
            [
              10.7921030,
              52.4280712
            ],
            [
              10.7921638,
              52.4280699
            ],
            [
              10.7921676,
              52.4281328
            ],
            [
              10.7921730,
              52.4282212
            ],
            [
              10.7921814,
              52.4284175
            ],
            [
              10.7919845,
              52.4284212
            ]
          ]
        ]
      }
    },
    {
      "type": "Feature",
      "properties": {
        "building": "yes",
        "building:colour": "white",
        "building:levels": "5",
        "building:min_level": "1",
        "layer": "2",
        "roof:shape": "flat",
        "osm_id": 0
      },
      "geometry": {
        "type": "Polygon",
        "coordinates": [
          [
            [
              10.7926357,
              52.4281593
            ],
            [
              10.7926316,
              52.4280924
            ],
            [
              10.7926223,
              52.4279423
            ],
            [
              10.7926219,
              52.4279312
            ],
            [
              10.7926363,
              52.4279309
            ],
            [
              10.7927748,
              52.4279277
            ],
            [
              10.7927898,
              52.4279273
            ],
            [
              10.7927905,
              52.4279387
            ],
            [
              10.7928038,
              52.4281554
            ],
            [
              10.7926357,
              52.4281593
            ]
          ]
        ]
      }
    },
    {
      "type": "Feature",
      "properties": {
        "building": "yes",
        "building:levels": "1",
        "roof:shape": "flat",
        "osm_id": 0
      },
      "geometry": {
        "type": "Polygon",
        "coordinates": [
          [
            [
              10.7921001,
              52.4280237
            ],
            [
              10.7920547,
              52.4280400
            ],
            [
              10.7919425,
              52.4280428
            ],
            [
              10.7919440,
              52.4280627
            ],
            [
              10.7919450,
              52.4280749
            ],
            [
              10.7921030,
              52.4280712
            ],
            [
              10.7921001,
              52.4280237
            ]
          ]
        ]
      }
    },
    {
      "type": "Feature",
      "properties": {
        "building": "yes",
        "building:colour": "brown",
        "building:levels": "2",
        "roof:shape": "flat",
        "osm_id": 0
      },
      "geometry": {
        "type": "Polygon",
        "coordinates": [
          [
            [
              10.7921814,
              52.4284175
            ],
            [
              10.7924682,
              52.4284135
            ],
            [
              10.7924803,
              52.4285896
            ],
            [
              10.7919962,
              52.4285930
            ],
            [
              10.7919845,
              52.4284212
            ],
            [
              10.7921814,
              52.4284175
            ]
          ]
        ]
      }
    },
    {
      "type": "Feature",
      "properties": {
        "building": "yes",
        "building:levels": "2",
        "roof:shape": "flat",
        "osm_id": 0
      },
      "geometry": {
        "type": "Polygon",
        "coordinates": [
          [
            [
              10.7921030,
              52.4280712
            ],
            [
              10.7921001,
              52.4280237
            ],
            [
              10.7920995,
              52.4280131
            ],
            [
              10.7923949,
              52.4280064
            ],
            [
              10.7924005,
              52.4280977
            ],
            [
              10.7924022,
              52.4281275
            ],
            [
              10.7921676,
              52.4281328
            ],
            [
              10.7921638,
              52.4280699
            ],
            [
              10.7921030,
              52.4280712
            ]
          ]
        ]
      }
    },
    {
      "type": "Feature",
      "properties": {
        "building": "yes",
        "osm_id": 0
      },
      "geometry": {
        "type": "Polygon",
        "coordinates": [
          [
            [
              10.7921730,
              52.4282212
            ],
            [
              10.7923965,
              52.4282162
            ],
            [
              10.7923991,
              52.4282589
            ],
            [
              10.7925088,
              52.4282564
            ],
            [
              10.7924991,
              52.4280955
            ],
            [
              10.7924005,
              52.4280977
            ],
            [
              10.7924022,
              52.4281275
            ],
            [
              10.7921676,
              52.4281328
            ],
            [
              10.7921730,
              52.4282212
            ]
          ]
        ]
      }
    },
    {
      "type": "Feature",
      "properties": {
        "building": "yes",
        "building:levels": "2",
        "roof:shape": "flat",
        "osm_id": 0
      },
      "geometry": {
        "type": "Polygon",
        "coordinates": [
          [
            [
              10.7923949,
              52.4280064
            ],
            [
              10.7927702,
              52.4279979
            ],
            [
              10.7927687,
              52.4279749
            ],
            [
              10.7929558,
              52.4279706
            ],
            [
              10.7929614,
              52.4280621
            ],
            [
              10.7927981,
              52.4280658
            ],
            [
              10.7928038,
              52.4281554
            ],
            [
              10.7926357,
              52.4281593
            ],
            [
              10.7926316,
              52.4280924
            ],
            [
              10.7924991,
              52.4280955
            ],
            [
              10.7924005,
              52.4280977
            ],
            [
              10.7923949,
              52.4280064
            ]
          ]
        ]
      }
    },
    {
      "type": "Feature",
      "properties": {
        "addr:city": "Wolfsburg",
        "addr:country": "DE",
        "addr:housenumber": "1",
        "addr:postcode": "38440",
        "addr:street": "An der Vorburg",
        "building": "retail",
        "building:levels": "1",
        "opening_hours": "Mo-Sa 10:00-19:00",
        "ref": "28",
        "roof:shape": "flat",
        "shop": "vacant",
        "osm_id": 0
      },
      "geometry": {
        "type": "Polygon",
        "coordinates": [
          [
            [
              10.7941250,
              52.4285874
            ],
            [
              10.7940911,
              52.4285746
            ],
            [
              10.7940517,
              52.4285706
            ],
            [
              10.7940127,
              52.4285761
            ],
            [
              10.7939803,
              52.4285903
            ],
            [
              10.7939592,
              52.4286110
            ],
            [
              10.7939527,
              52.4286350
            ],
            [
              10.7939617,
              52.4286588
            ],
            [
              10.7939850,
              52.4286786
            ],
            [
              10.7940189,
              52.4286914
            ],
            [
              10.7940583,
              52.4286954
            ],
            [
              10.7940973,
              52.4286899
            ],
            [
              10.7941297,
              52.4286757
            ],
            [
              10.7941508,
              52.4286550
            ],
            [
              10.7941573,
              52.4286310
            ],
            [
              10.7941483,
              52.4286072
            ],
            [
              10.7941250,
              52.4285874
            ]
          ]
        ]
      }
    },
    {
      "type": "Feature",
      "properties": {
        "addr:city": "Wolfsburg",
        "addr:country": "DE",
        "addr:housenumber": "1",
        "addr:postcode": "38440",
        "addr:street": "An der Vorburg",
        "amenity": "cafe",
        "brand": "Starbucks",
        "brand:wikidata": "Q37158",
        "brand:wikipedia": "en:Starbucks",
        "building": "retail",
        "building:levels": "2",
        "cuisine": "coffee_shop",
        "diet:vegetarian": "yes",
        "name": "Starbucks",
        "official_name": "Starbucks Coffee",
        "opening_hours": "Mo-Sa 09:00-20:00",
        "phone": "+49 5361 5578921",
        "ref": "53",
        "takeaway": "yes",
        "wheelchair": "yes",
        "osm_id": 0
      },
      "geometry": {
        "type": "Polygon",
        "coordinates": [
          [
            [
              10.7952252,
              52.4287568
            ],
            [
              10.7952130,
              52.4287441
            ],
            [
              10.7951970,
              52.4287330
            ],
            [
              10.7951777,
              52.4287241
            ],
            [
              10.7951560,
              52.4287177
            ],
            [
              10.7951326,
              52.4287139
            ],
            [
              10.7951084,
              52.4287130
            ],
            [
              10.7950845,
              52.4287151
            ],
            [
              10.7950616,
              52.4287199
            ],
            [
              10.7950407,
              52.4287273
            ],
            [
              10.7950226,
              52.4287371
            ],
            [
              10.7950080,
              52.4287488
            ],
            [
              10.7949975,
              52.4287621
            ],
            [
              10.7949913,
              52.4287764
            ],
            [
              10.7949899,
              52.4287911
            ],
            [
              10.7949932,
              52.4288057
            ],
            [
              10.7950011,
              52.4288196
            ],
            [
              10.7950133,
              52.4288324
            ],
            [
              10.7950293,
              52.4288434
            ],
            [
              10.7950486,
              52.4288523
            ],
            [
              10.7950703,
              52.4288587
            ],
            [
              10.7950937,
              52.4288625
            ],
            [
              10.7951179,
              52.4288634
            ],
            [
              10.7951418,
              52.4288614
            ],
            [
              10.7951647,
              52.4288566
            ],
            [
              10.7951855,
              52.4288491
            ],
            [
              10.7952036,
              52.4288393
            ],
            [
              10.7952183,
              52.4288276
            ],
            [
              10.7952288,
              52.4288143
            ],
            [
              10.7952350,
              52.4288001
            ],
            [
              10.7952364,
              52.4287853
            ],
            [
              10.7952331,
              52.4287707
            ],
            [
              10.7952252,
              52.4287568
            ]
          ]
        ]
      }
    },
    {
      "type": "Feature",
      "properties": {
        "building": "commercial",
        "osm_id": 0
      },
      "geometry": {
        "type": "Polygon",
        "coordinates": [
          [
            [
              10.7912298,
              52.4271938
            ],
            [
              10.7914308,
              52.4271602
            ],
            [
              10.7919066,
              52.4271628
            ],
            [
              10.7919080,
              52.4271877
            ],
            [
              10.7919258,
              52.4275280
            ],
            [
              10.7919293,
              52.4276312
            ],
            [
              10.7914080,
              52.4276430
            ],
            [
              10.7911476,
              52.4277126
            ],
            [
              10.7911330,
              52.4277165
            ],
            [
              10.7910153,
              52.4275533
            ],
            [
              10.7909234,
              52.4274258
            ],
            [
              10.7908893,
              52.4273788
            ],
            [
              10.7910081,
              52.4273485
            ],
            [
              10.7910407,
              52.4273402
            ],
            [
              10.7910206,
              52.4273030
            ],
            [
              10.7909899,
              52.4272389
            ],
            [
              10.7912298,
              52.4271938
            ]
          ]
        ]
      }
    },
    {
      "type": "Feature",
      "properties": {
        "building": "roof",
        "building:levels": "1",
        "building:material": "metal",
        "building:min_level": "1",
        "layer": "2",
        "roof:material": "metal",
        "roof:shape": "dome",
        "osm_id": 0
      },
      "geometry": {
        "type": "Polygon",
        "coordinates": [
          [
            [
              10.7949046,
              52.4321929
            ],
            [
              10.7949289,
              52.4322091
            ],
            [
              10.7949171,
              52.4322141
            ],
            [
              10.7949066,
              52.4322190
            ],
            [
              10.7949507,
              52.4322443
            ],
            [
              10.7949951,
              52.4322734
            ],
            [
              10.7950452,
              52.4323143
            ],
            [
              10.7950678,
              52.4323415
            ],
            [
              10.7950927,
              52.4323756
            ],
            [
              10.7951032,
              52.4323942
            ],
            [
              10.7951123,
              52.4324083
            ],
            [
              10.7950562,
              52.4324208
            ],
            [
              10.7949866,
              52.4324331
            ],
            [
              10.7949395,
              52.4324351
            ],
            [
              10.7949001,
              52.4324367
            ],
            [
              10.7947968,
              52.4324197
            ],
            [
              10.7947356,
              52.4323908
            ],
            [
              10.7946927,
              52.4323560
            ],
            [
              10.7946801,
              52.4323157
            ],
            [
              10.7947036,
              52.4322811
            ],
            [
              10.7947601,
              52.4322528
            ],
            [
              10.7947724,
              52.4322467
            ],
            [
              10.7948318,
              52.4322220
            ],
            [
              10.7948524,
              52.4322148
            ],
            [
              10.7948724,
              52.4322065
            ],
            [
              10.7949046,
              52.4321929
            ]
          ]
        ]
      }
    },
    {
      "type": "Feature",
      "properties": {
        "addr:housename": "Porsche Pavillon",
        "amenity": "exhibition_centre",
        "building": "yes",
        "building:levels": "1",
        "building:material": "metal",
        "layer": "2",
        "name": "Porsche",
        "roof:material": "metal",
        "roof:shape": "dome",
        "source": "estimated",
        "website": "https://www.autostadt.de/erkunden/markenerlebnis/porsche",
        "osm_id": 0
      },
      "geometry": {
        "type": "Polygon",
        "coordinates": [
          [
            [
              10.7949046,
              52.4321929
            ],
            [
              10.7949289,
              52.4322091
            ],
            [
              10.7949171,
              52.4322141
            ],
            [
              10.7949066,
              52.4322190
            ],
            [
              10.7949507,
              52.4322443
            ],
            [
              10.7949951,
              52.4322734
            ],
            [
              10.7950452,
              52.4323143
            ],
            [
              10.7950678,
              52.4323415
            ],
            [
              10.7950927,
              52.4323756
            ],
            [
              10.7951032,
              52.4323942
            ],
            [
              10.7951123,
              52.4324083
            ],
            [
              10.7951161,
              52.4324160
            ],
            [
              10.7951207,
              52.4324360
            ],
            [
              10.7951167,
              52.4324638
            ],
            [
              10.7951058,
              52.4325079
            ],
            [
              10.7950686,
              52.4325598
            ],
            [
              10.7950335,
              52.4325919
            ],
            [
              10.7949768,
              52.4326247
            ],
            [
              10.7949107,
              52.4326592
            ],
            [
              10.7948321,
              52.4326949
            ],
            [
              10.7949107,
              52.4326684
            ],
            [
              10.7950358,
              52.4326177
            ],
            [
              10.7951354,
              52.4325641
            ],
            [
              10.7952067,
              52.4325137
            ],
            [
              10.7952614,
              52.4324592
            ],
            [
              10.7953058,
              52.4324117
            ],
            [
              10.7953390,
              52.4323674
            ],
            [
              10.7953492,
              52.4323516
            ],
            [
              10.7953776,
              52.4323086
            ],
            [
              10.7953984,
              52.4322706
            ],
            [
              10.7954011,
              52.4322318
            ],
            [
              10.7953898,
              52.4321831
            ],
            [
              10.7953401,
              52.4321509
            ],
            [
              10.7952946,
              52.4321308
            ],
            [
              10.7952350,
              52.4321184
            ],
            [
              10.7951044,
              52.4321178
            ],
            [
              10.7949448,
              52.4321176
            ],
            [
              10.7947323,
              52.4321274
            ],
            [
              10.7945048,
              52.4321185
            ],
            [
              10.7942206,
              52.4321052
            ],
            [
              10.7942186,
              52.4321078
            ],
            [
              10.7944270,
              52.4321330
            ],
            [
              10.7945619,
              52.4321446
            ],
            [
              10.7947023,
              52.4321529
            ],
            [
              10.7948338,
              52.4321670
            ],
            [
              10.7948590,
              52.4321711
            ],
            [
              10.7948876,
              52.4321832
            ],
            [
              10.7949046,
              52.4321929
            ]
          ]
        ]
      }
    },
    {
      "type": "Feature",
      "properties": {
        "addr:city": "Wolfsburg",
        "addr:housenumber": "17–19",
        "addr:postcode": "38440",
        "addr:street": "Heßlinger Straße",
        "amenity": "clinic",
        "building": "yes",
        "emergency": "no",
        "healthcare": "clinic",
        "name": "Diagnostikzentrum Wolfsburg",
        "operator": "Dr. med. Klaus Lahme, Joachim Kretschmer, Dr. med. Souzan Hahne",
        "phone": "+49 5361 1883-3",
        "website": "https://www.diagnostikzentrum-wolfsburg.de/",
        "osm_id": 0
      },
      "geometry": {
        "type": "Polygon",
        "coordinates": [
          [
            [
              10.7949907,
              52.4279801
            ],
            [
              10.7949880,
              52.4279394
            ],
            [
              10.7949846,
              52.4278871
            ],
            [
              10.7948293,
              52.4278908
            ],
            [
              10.7947503,
              52.4278927
            ],
            [
              10.7945257,
              52.4278982
            ],
            [
              10.7943147,
              52.4279037
            ],
            [
              10.7943217,
              52.4280130
            ],
            [
              10.7943278,
              52.4281131
            ],
            [
              10.7943294,
              52.4281360
            ],
            [
              10.7943147,
              52.4281363
            ],
            [
              10.7943205,
              52.4282239
            ],
            [
              10.7948880,
              52.4282098
            ],
            [
              10.7948811,
              52.4281020
            ],
            [
              10.7948760,
              52.4280090
            ],
            [
              10.7949919,
              52.4280059
            ],
            [
              10.7949907,
              52.4279801
            ]
          ]
        ]
      }
    },
    {
      "type": "Feature",
      "properties": {
        "building": "yes",
        "building:levels": "4",
        "roof:shape": "flat",
        "osm_id": 0
      },
      "geometry": {
        "type": "Polygon",
        "coordinates": [
          [
            [
              10.7951291,
              52.4274583
            ],
            [
              10.7953293,
              52.4274552
            ],
            [
              10.7953348,
              52.4275471
            ],
            [
              10.7951227,
              52.4275523
            ],
            [
              10.7951291,
              52.4274583
            ]
          ]
        ]
      }
    },
    {
      "type": "Feature",
      "properties": {
        "building": "yes",
        "building:levels": "2",
        "layer": "1",
        "roof:shape": "flat",
        "osm_id": 0
      },
      "geometry": {
        "type": "Polygon",
        "coordinates": [
          [
            [
              10.7934016,
              52.4280526
            ],
            [
              10.7935513,
              52.4280493
            ],
            [
              10.7935459,
              52.4279577
            ],
            [
              10.7933981,
              52.4279609
            ],
            [
              10.7934016,
              52.4280526
            ]
          ]
        ]
      }
    },
    {
      "type": "Feature",
      "properties": {
        "building": "garage",
        "building:levels": "1",
        "roof:shape": "flat",
        "osm_id": 0
      },
      "geometry": {
        "type": "Polygon",
        "coordinates": [
          [
            [
              10.7935584,
              52.4281745
            ],
            [
              10.7935615,
              52.4282290
            ],
            [
              10.7929700,
              52.4282418
            ],
            [
              10.7929668,
              52.4281872
            ],
            [
              10.7935584,
              52.4281745
            ]
          ]
        ]
      }
    },
    {
      "type": "Feature",
      "properties": {
        "building": "yes",
        "building:colour": "white",
        "building:levels": "5",
        "roof:orientation": "along",
        "roof:shape": "hipped",
        "osm_id": 0
      },
      "geometry": {
        "type": "Polygon",
        "coordinates": [
          [
            [
              10.7951938,
              52.4279281
            ],
            [
              10.7953597,
              52.4279240
            ],
            [
              10.7953760,
              52.4281913
            ],
            [
              10.7952087,
              52.4281951
            ],
            [
              10.7951974,
              52.4280161
            ],
            [
              10.7951938,
              52.4279281
            ]
          ]
        ]
      }
    },
    {
      "type": "Feature",
      "properties": {
        "addr:city": "Wolfsburg",
        "addr:housenumber": "15",
        "addr:postcode": "38440",
        "addr:street": "Heßlinger Straße",
        "building": "school",
        "building:colour": "white",
        "building:levels": "3",
        "layer": "1",
        "roof:shape": "flat",
        "osm_id": 0
      },
      "geometry": {
        "type": "Polygon",
        "coordinates": [
          [
            [
              10.7939221,
              52.4280411
            ],
            [
              10.7939167,
              52.4279495
            ],
            [
              10.7942326,
              52.4279426
            ],
            [
              10.7942406,
              52.4280776
            ],
            [
              10.7939247,
              52.4280845
            ],
            [
              10.7939221,
              52.4280411
            ]
          ]
        ]
      }
    },
    {
      "type": "Feature",
      "properties": {
        "building": "yes",
        "building:colour": "white",
        "building:levels": "3",
        "roof:shape": "flat",
        "osm_id": 0
      },
      "geometry": {
        "type": "Polygon",
        "coordinates": [
          [
            [
              10.7950629,
              52.4279378
            ],
            [
              10.7950626,
              52.4279313
            ],
            [
              10.7951938,
              52.4279281
            ],
            [
              10.7951974,
              52.4280161
            ],
            [
              10.7951183,
              52.4280176
            ],
            [
              10.7950678,
              52.4280185
            ],
            [
              10.7950652,
              52.4279784
            ],
            [
              10.7950629,
              52.4279378
            ]
          ]
        ]
      }
    },
    {
      "type": "Feature",
      "properties": {
        "building": "school",
        "building:levels": "1",
        "roof:shape": "flat",
        "osm_id": 0
      },
      "geometry": {
        "type": "Polygon",
        "coordinates": [
          [
            [
              10.7939247,
              52.4280845
            ],
            [
              10.7939267,
              52.4281176
            ],
            [
              10.7936590,
              52.4281235
            ],
            [
              10.7936619,
              52.4281714
            ],
            [
              10.7935584,
              52.4281745
            ],
            [
              10.7935513,
              52.4280493
            ],
            [
              10.7939221,
              52.4280411
            ],
            [
              10.7939247,
              52.4280845
            ]
          ]
        ]
      }
    },
    {
      "type": "Feature",
      "properties": {
        "building": "yes",
        "building:levels": "2",
        "layer": "1",
        "roof:shape": "flat",
        "osm_id": 0
      },
      "geometry": {
        "type": "Polygon",
        "coordinates": [
          [
            [
              10.7933981,
              52.4279609
            ],
            [
              10.7929558,
              52.4279706
            ],
            [
              10.7929614,
              52.4280621
            ],
            [
              10.7932205,
              52.4280566
            ],
            [
              10.7932237,
              52.4281387
            ],
            [
              10.7934049,
              52.4281360
            ],
            [
              10.7934016,
              52.4280526
            ],
            [
              10.7933981,
              52.4279609
            ]
          ]
        ]
      }
    },
    {
      "type": "Feature",
      "properties": {
        "building": "yes",
        "building:levels": "4",
        "office": "company",
        "roof:shape": "flat",
        "osm_id": 0
      },
      "geometry": {
        "type": "Polygon",
        "coordinates": [
          [
            [
              10.7930800,
              52.4274493
            ],
            [
              10.7930682,
              52.4272486
            ],
            [
              10.7923894,
              52.4272610
            ],
            [
              10.7923957,
              52.4273545
            ],
            [
              10.7928516,
              52.4273445
            ],
            [
              10.7928582,
              52.4274565
            ],
            [
              10.7930800,
              52.4274493
            ]
          ]
        ]
      }
    },
    {
      "type": "Feature",
      "properties": {
        "addr:city": "Wolfsburg",
        "addr:country": "DE",
        "addr:housenumber": "27",
        "addr:postcode": "38440",
        "addr:street": "Heßlinger Straße",
        "amenity": "police",
        "building": "civic",
        "building:levels": "3",
        "name": "Polizeiinspektion Wolfsburg/Helmstedt",
        "roof:shape": "flat",
        "osm_id": 0
      },
      "geometry": {
        "type": "Polygon",
        "coordinates": [
          [
            [
              10.7974785,
              52.4280050
            ],
            [
              10.7974766,
              52.4280617
            ],
            [
              10.7974725,
              52.4281827
            ],
            [
              10.7972330,
              52.4282262
            ],
            [
              10.7970009,
              52.4282685
            ],
            [
              10.7970574,
              52.4283791
            ],
            [
              10.7974540,
              52.4283028
            ],
            [
              10.7974811,
              52.4282979
            ],
            [
              10.7975043,
              52.4283552
            ],
            [
              10.7976723,
              52.4283560
            ],
            [
              10.7976919,
              52.4283410
            ],
            [
              10.7981796,
              52.4285408
            ],
            [
              10.7982462,
              52.4284814
            ],
            [
              10.7982246,
              52.4284725
            ],
            [
              10.7982619,
              52.4284421
            ],
            [
              10.7977939,
              52.4282418
            ],
            [
              10.7977587,
              52.4282279
            ],
            [
              10.7976575,
              52.4281839
            ],
            [
              10.7976589,
              52.4280848
            ],
            [
              10.7976593,
              52.4280596
            ],
            [
              10.7976601,
              52.4280064
            ],
            [
              10.7974785,
              52.4280050
            ]
          ]
        ]
      }
    },
    {
      "type": "Feature",
      "properties": {
        "advertising": "tower",
        "building": "yes",
        "building:levels": "6",
        "name": "designeroutlets Wolfsburg",
        "note": "Werbeturm",
        "osm_id": 0
      },
      "geometry": {
        "type": "Polygon",
        "coordinates": [
          [
            [
              10.7920711,
              52.4292219
            ],
            [
              10.7920551,
              52.4291983
            ],
            [
              10.7920965,
              52.4291879
            ],
            [
              10.7921125,
              52.4292115
            ],
            [
              10.7920711,
              52.4292219
            ]
          ]
        ]
      }
    },
    {
      "type": "Feature",
      "properties": {
        "building": "yes",
        "building:colour": "brown",
        "building:levels": "1",
        "roof:shape": "flat",
        "osm_id": 0
      },
      "geometry": {
        "type": "Polygon",
        "coordinates": [
          [
            [
              10.7920120,
              52.4287639
            ],
            [
              10.7919962,
              52.4285930
            ],
            [
              10.7924803,
              52.4285896
            ],
            [
              10.7924918,
              52.4287531
            ],
            [
              10.7923611,
              52.4287561
            ],
            [
              10.7922329,
              52.4287589
            ],
            [
              10.7920120,
              52.4287639
            ]
          ]
        ]
      }
    },
    {
      "type": "Feature",
      "properties": {
        "building": "commercial",
        "nohousenumber": "yes",
        "osm_id": 0
      },
      "geometry": {
        "type": "Polygon",
        "coordinates": [
          [
            [
              10.7966806,
              52.4328590
            ],
            [
              10.7968318,
              52.4329413
            ],
            [
              10.7969081,
              52.4330044
            ],
            [
              10.7969706,
              52.4330768
            ],
            [
              10.7970059,
              52.4331691
            ],
            [
              10.7970111,
              52.4332144
            ],
            [
              10.7970069,
              52.4332600
            ],
            [
              10.7969930,
              52.4333010
            ],
            [
              10.7969554,
              52.4333639
            ],
            [
              10.7968527,
              52.4334575
            ],
            [
              10.7967276,
              52.4335252
            ],
            [
              10.7966346,
              52.4335601
            ],
            [
              10.7965033,
              52.4335943
            ],
            [
              10.7965148,
              52.4335450
            ],
            [
              10.7964750,
              52.4335545
            ],
            [
              10.7964708,
              52.4335719
            ],
            [
              10.7963913,
              52.4335854
            ],
            [
              10.7962967,
              52.4335967
            ],
            [
              10.7962291,
              52.4336012
            ],
            [
              10.7962331,
              52.4335847
            ],
            [
              10.7961686,
              52.4335872
            ],
            [
              10.7960898,
              52.4335859
            ],
            [
              10.7960027,
              52.4335813
            ],
            [
              10.7959937,
              52.4336187
            ],
            [
              10.7959901,
              52.4336337
            ],
            [
              10.7958329,
              52.4336175
            ],
            [
              10.7956851,
              52.4335919
            ],
            [
              10.7955496,
              52.4335564
            ],
            [
              10.7954218,
              52.4335114
            ],
            [
              10.7952898,
              52.4334475
            ],
            [
              10.7951872,
              52.4333754
            ],
            [
              10.7951048,
              52.4332849
            ],
            [
              10.7950612,
              52.4331886
            ],
            [
              10.7950625,
              52.4330894
            ],
            [
              10.7950697,
              52.4330741
            ],
            [
              10.7951037,
              52.4330015
            ],
            [
              10.7951931,
              52.4329106
            ],
            [
              10.7953046,
              52.4328440
            ],
            [
              10.7954380,
              52.4327903
            ],
            [
              10.7955989,
              52.4327498
            ],
            [
              10.7957503,
              52.4327271
            ],
            [
              10.7959045,
              52.4327163
            ],
            [
              10.7960483,
              52.4327189
            ],
            [
              10.7962075,
              52.4327313
            ],
            [
              10.7962048,
              52.4327425
            ],
            [
              10.7961953,
              52.4327820
            ],
            [
              10.7962755,
              52.4327901
            ],
            [
              10.7963416,
              52.4328014
            ],
            [
              10.7964160,
              52.4328183
            ],
            [
              10.7964196,
              52.4328034
            ],
            [
              10.7965044,
              52.4328269
            ],
            [
              10.7965785,
              52.4328512
            ],
            [
              10.7966400,
              52.4328745
            ],
            [
              10.7966355,
              52.4328932
            ],
            [
              10.7966683,
              52.4329084
            ],
            [
              10.7966806,
              52.4328590
            ]
          ]
        ]
      }
    },
    {
      "type": "Feature",
      "properties": {
        "building": "yes",
        "building:levels": "1",
        "building:material": "glass",
        "description": "Ausstellungsfahrzeug WOB - L1",
        "roof:shape": "flat",
        "osm_id": 0
      },
      "geometry": {
        "type": "Polygon",
        "coordinates": [
          [
            [
              10.7913940,
              52.4323977
            ],
            [
              10.7914729,
              52.4324283
            ],
            [
              10.7914975,
              52.4324047
            ],
            [
              10.7914187,
              52.4323741
            ],
            [
              10.7913940,
              52.4323977
            ]
          ]
        ]
      }
    },
    {
      "type": "Feature",
      "properties": {
        "building": "commercial",
        "building:levels": "5",
        "building:min_level": "2",
        "nohousenumber": "yes",
        "note": "Groß-Bildschirm",
        "roof:shape": "flat",
        "osm_id": 0
      },
      "geometry": {
        "type": "Polygon",
        "coordinates": [
          [
            [
              10.7954037,
              52.4317073
            ],
            [
              10.7954412,
              52.4315537
            ],
            [
              10.7954224,
              52.4315520
            ],
            [
              10.7953849,
              52.4317056
            ],
            [
              10.7954037,
              52.4317073
            ]
          ]
        ]
      }
    },
    {
      "type": "Feature",
      "properties": {
        "amenity": "shelter",
        "building": "yes",
        "description": "Unterstand für Servicekraft",
        "fireplace": "no",
        "height": "3",
        "shelter_type": "weather_shelter",
        "osm_id": 0
      },
      "geometry": {
        "type": "Polygon",
        "coordinates": [
          [
            [
              10.7955922,
              52.4314367
            ],
            [
              10.7955966,
              52.4314161
            ],
            [
              10.7955644,
              52.4314136
            ],
            [
              10.7955600,
              52.4314342
            ],
            [
              10.7955922,
              52.4314367
            ]
          ]
        ]
      }
    },
    {
      "type": "Feature",
      "properties": {
        "building": "service",
        "building:colour": "gray",
        "height": "3.5",
        "roof:colour": "gray",
        "source": "HiRes aerial imagery",
        "osm_id": 0
      },
      "geometry": {
        "type": "Polygon",
        "coordinates": [
          [
            [
              10.7961903,
              52.4326875
            ],
            [
              10.7961814,
              52.4326851
            ],
            [
              10.7961754,
              52.4326798
            ],
            [
              10.7961748,
              52.4326742
            ],
            [
              10.7961810,
              52.4326676
            ],
            [
              10.7961937,
              52.4326649
            ],
            [
              10.7962039,
              52.4326669
            ],
            [
              10.7962103,
              52.4326717
            ],
            [
              10.7962115,
              52.4326784
            ],
            [
              10.7962078,
              52.4326834
            ],
            [
              10.7962003,
              52.4326868
            ],
            [
              10.7961903,
              52.4326875
            ]
          ]
        ]
      }
    },
    {
      "type": "Feature",
      "properties": {
        "building": "service",
        "building:colour": "gray",
        "height": "3.5",
        "roof:colour": "gray",
        "source": "HiRes aerial imagery",
        "osm_id": 0
      },
      "geometry": {
        "type": "Polygon",
        "coordinates": [
          [
            [
              10.7968674,
              52.4328974
            ],
            [
              10.7968585,
              52.4328950
            ],
            [
              10.7968525,
              52.4328897
            ],
            [
              10.7968519,
              52.4328840
            ],
            [
              10.7968581,
              52.4328774
            ],
            [
              10.7968708,
              52.4328747
            ],
            [
              10.7968810,
              52.4328768
            ],
            [
              10.7968874,
              52.4328816
            ],
            [
              10.7968886,
              52.4328882
            ],
            [
              10.7968849,
              52.4328932
            ],
            [
              10.7968774,
              52.4328967
            ],
            [
              10.7968674,
              52.4328974
            ]
          ]
        ]
      }
    },
    {
      "type": "Feature",
      "properties": {
        "building": "service",
        "height": "3.5",
        "osm_id": 0
      },
      "geometry": {
        "type": "Polygon",
        "coordinates": [
          [
            [
              10.7950360,
              52.4328361
            ],
            [
              10.7950271,
              52.4328337
            ],
            [
              10.7950211,
              52.4328284
            ],
            [
              10.7950205,
              52.4328227
            ],
            [
              10.7950267,
              52.4328162
            ],
            [
              10.7950394,
              52.4328134
            ],
            [
              10.7950496,
              52.4328155
            ],
            [
              10.7950560,
              52.4328203
            ],
            [
              10.7950572,
              52.4328269
            ],
            [
              10.7950535,
              52.4328320
            ],
            [
              10.7950460,
              52.4328354
            ],
            [
              10.7950360,
              52.4328361
            ]
          ]
        ]
      }
    },
    {
      "type": "Feature",
      "properties": {
        "building": "service",
        "building:colour": "gray",
        "height": "3.5",
        "roof:colour": "gray",
        "source": "HiRes aerial imagery",
        "osm_id": 0
      },
      "geometry": {
        "type": "Polygon",
        "coordinates": [
          [
            [
              10.7957173,
              52.4326927
            ],
            [
              10.7957083,
              52.4326903
            ],
            [
              10.7957024,
              52.4326850
            ],
            [
              10.7957018,
              52.4326793
            ],
            [
              10.7957080,
              52.4326727
            ],
            [
              10.7957207,
              52.4326700
            ],
            [
              10.7957309,
              52.4326721
            ],
            [
              10.7957373,
              52.4326769
            ],
            [
              10.7957385,
              52.4326835
            ],
            [
              10.7957348,
              52.4326885
            ],
            [
              10.7957273,
              52.4326920
            ],
            [
              10.7957173,
              52.4326927
            ]
          ]
        ]
      }
    },
    {
      "type": "Feature",
      "properties": {
        "building": "service",
        "building:colour": "gray",
        "height": "3.5",
        "roof:colour": "gray",
        "source": "HiRes aerial imagery",
        "osm_id": 0
      },
      "geometry": {
        "type": "Polygon",
        "coordinates": [
          [
            [
              10.7966152,
              52.4327796
            ],
            [
              10.7966062,
              52.4327772
            ],
            [
              10.7966002,
              52.4327719
            ],
            [
              10.7965996,
              52.4327663
            ],
            [
              10.7966058,
              52.4327597
            ],
            [
              10.7966186,
              52.4327570
            ],
            [
              10.7966287,
              52.4327590
            ],
            [
              10.7966351,
              52.4327638
            ],
            [
              10.7966364,
              52.4327705
            ],
            [
              10.7966326,
              52.4327755
            ],
            [
              10.7966251,
              52.4327789
            ],
            [
              10.7966152,
              52.4327796
            ]
          ]
        ]
      }
    },
    {
      "type": "Feature",
      "properties": {
        "amenity": "arts_centre",
        "building": "yes",
        "check_date": "2025-06-09",
        "height": "10",
        "name": "FreiRaum",
        "osm_id": 0
      },
      "geometry": {
        "type": "Polygon",
        "coordinates": [
          [
            [
              10.7913851,
              52.4312929
            ],
            [
              10.7913622,
              52.4312732
            ],
            [
              10.7913484,
              52.4312518
            ],
            [
              10.7913436,
              52.4312271
            ],
            [
              10.7913455,
              52.4312024
            ],
            [
              10.7913552,
              52.4311759
            ],
            [
              10.7913701,
              52.4311551
            ],
            [
              10.7913976,
              52.4311321
            ],
            [
              10.7914232,
              52.4311186
            ],
            [
              10.7914612,
              52.4311045
            ],
            [
              10.7914969,
              52.4310966
            ],
            [
              10.7915327,
              52.4310944
            ],
            [
              10.7915755,
              52.4310936
            ],
            [
              10.7915770,
              52.4310842
            ],
            [
              10.7916194,
              52.4310901
            ],
            [
              10.7916580,
              52.4311036
            ],
            [
              10.7916888,
              52.4311166
            ],
            [
              10.7917125,
              52.4311292
            ],
            [
              10.7917231,
              52.4311386
            ],
            [
              10.7917125,
              52.4311427
            ],
            [
              10.7917308,
              52.4311592
            ],
            [
              10.7917428,
              52.4311745
            ],
            [
              10.7917515,
              52.4311953
            ],
            [
              10.7917558,
              52.4312139
            ],
            [
              10.7917549,
              52.4312327
            ],
            [
              10.7917491,
              52.4312571
            ],
            [
              10.7917457,
              52.4312721
            ],
            [
              10.7917356,
              52.4312865
            ],
            [
              10.7917168,
              52.4313012
            ],
            [
              10.7916936,
              52.4313182
            ],
            [
              10.7916638,
              52.4313320
            ],
            [
              10.7916348,
              52.4313432
            ],
            [
              10.7916069,
              52.4313506
            ],
            [
              10.7915760,
              52.4313550
            ],
            [
              10.7915398,
              52.4313550
            ],
            [
              10.7915138,
              52.4313541
            ],
            [
              10.7914844,
              52.4313500
            ],
            [
              10.7914704,
              52.4313462
            ],
            [
              10.7914603,
              52.4313435
            ],
            [
              10.7914357,
              52.4313353
            ],
            [
              10.7914178,
              52.4313282
            ],
            [
              10.7913942,
              52.4313168
            ],
            [
              10.7913711,
              52.4312994
            ],
            [
              10.7913851,
              52.4312929
            ]
          ]
        ]
      }
    },
    {
      "type": "Feature",
      "properties": {
        "building": "commercial",
        "building:levels": "3",
        "height": "12",
        "layer": "1",
        "name": "KonzernForum + Eingang",
        "nohousenumber": "yes",
        "roof:levels": "0",
        "roof:shape": "flat",
        "osm_id": 0
      },
      "geometry": {
        "type": "Polygon",
        "coordinates": [
          [
            [
              10.7915683,
              52.4315222
            ],
            [
              10.7918748,
              52.4315500
            ],
            [
              10.7919389,
              52.4315558
            ],
            [
              10.7919607,
              52.4315578
            ],
            [
              10.7924095,
              52.4315985
            ],
            [
              10.7924341,
              52.4316007
            ],
            [
              10.7926850,
              52.4316235
            ],
            [
              10.7928341,
              52.4316370
            ],
            [
              10.7933998,
              52.4316883
            ],
            [
              10.7942459,
              52.4317651
            ],
            [
              10.7942507,
              52.4317455
            ],
            [
              10.7943244,
              52.4314436
            ],
            [
              10.7943547,
              52.4313192
            ],
            [
              10.7943688,
              52.4312613
            ],
            [
              10.7935195,
              52.4311843
            ],
            [
              10.7933426,
              52.4311682
            ],
            [
              10.7932216,
              52.4311572
            ],
            [
              10.7929538,
              52.4311329
            ],
            [
              10.7927642,
              52.4311157
            ],
            [
              10.7921122,
              52.4310566
            ],
            [
              10.7919651,
              52.4310432
            ],
            [
              10.7916790,
              52.4310173
            ],
            [
              10.7916690,
              52.4310545
            ],
            [
              10.7916580,
              52.4311036
            ],
            [
              10.7916888,
              52.4311166
            ],
            [
              10.7917125,
              52.4311292
            ],
            [
              10.7917231,
              52.4311386
            ],
            [
              10.7917125,
              52.4311427
            ],
            [
              10.7917308,
              52.4311592
            ],
            [
              10.7917428,
              52.4311745
            ],
            [
              10.7917515,
              52.4311953
            ],
            [
              10.7917558,
              52.4312139
            ],
            [
              10.7917549,
              52.4312327
            ],
            [
              10.7917491,
              52.4312571
            ],
            [
              10.7917457,
              52.4312721
            ],
            [
              10.7917356,
              52.4312865
            ],
            [
              10.7917168,
              52.4313012
            ],
            [
              10.7916936,
              52.4313182
            ],
            [
              10.7916638,
              52.4313320
            ],
            [
              10.7916348,
              52.4313432
            ],
            [
              10.7916069,
              52.4313506
            ],
            [
              10.7915968,
              52.4313905
            ],
            [
              10.7915683,
              52.4315222
            ]
          ]
        ]
      }
    },
    {
      "type": "Feature",
      "properties": {
        "amenity": "driving_school",
        "building": "yes",
        "height": "6",
        "min_height": "3",
        "name": "Kinder-Fahrschule",
        "operator": "Autostadt Wolfsburg",
        "osm_id": 0
      },
      "geometry": {
        "type": "Polygon",
        "coordinates": [
          [
            [
              10.7917655,
              52.4311276
            ],
            [
              10.7917457,
              52.4311229
            ],
            [
              10.7917269,
              52.4311141
            ],
            [
              10.7917144,
              52.4311032
            ],
            [
              10.7917086,
              52.4310923
            ],
            [
              10.7917043,
              52.4310803
            ],
            [
              10.7917047,
              52.4310714
            ],
            [
              10.7917072,
              52.4310644
            ],
            [
              10.7917098,
              52.4310619
            ],
            [
              10.7917149,
              52.4310570
            ],
            [
              10.7917274,
              52.4310506
            ],
            [
              10.7917380,
              52.4310482
            ],
            [
              10.7917549,
              52.4310464
            ],
            [
              10.7917737,
              52.4310497
            ],
            [
              10.7917877,
              52.4310556
            ],
            [
              10.7918017,
              52.4310632
            ],
            [
              10.7918103,
              52.4310741
            ],
            [
              10.7918166,
              52.4310841
            ],
            [
              10.7918195,
              52.4310941
            ],
            [
              10.7918181,
              52.4311023
            ],
            [
              10.7918123,
              52.4311102
            ],
            [
              10.7918055,
              52.4311179
            ],
            [
              10.7917992,
              52.4311213
            ],
            [
              10.7917935,
              52.4311243
            ],
            [
              10.7917819,
              52.4311264
            ],
            [
              10.7917655,
              52.4311276
            ]
          ]
        ]
      }
    },
    {
      "type": "Feature",
      "properties": {
        "building": "roof",
        "layer": "2",
        "roof:material": "glass",
        "roof:shape": "flat",
        "osm_id": 0
      },
      "geometry": {
        "type": "Polygon",
        "coordinates": [
          [
            [
              10.7927875,
              52.4309385
            ],
            [
              10.7928321,
              52.4309265
            ],
            [
              10.7924050,
              52.4303767
            ],
            [
              10.7923514,
              52.4303927
            ],
            [
              10.7927875,
              52.4309385
            ]
          ]
        ]
      }
    },
    {
      "type": "Feature",
      "properties": {
        "building": "roof",
        "layer": "2",
        "roof:material": "glass",
        "roof:shape": "flat",
        "osm_id": 0
      },
      "geometry": {
        "type": "Polygon",
        "coordinates": [
          [
            [
              10.7920089,
              52.4299653
            ],
            [
              10.7920624,
              52.4299496
            ],
            [
              10.7915800,
              52.4293324
            ],
            [
              10.7915250,
              52.4293490
            ],
            [
              10.7920089,
              52.4299653
            ]
          ]
        ]
      }
    },
    {
      "type": "Feature",
      "properties": {
        "building": "service",
        "building:colour": "gray",
        "height": "3.5",
        "roof:colour": "gray",
        "source": "HiRes aerial imagery",
        "osm_id": 0
      },
      "geometry": {
        "type": "Polygon",
        "coordinates": [
          [
            [
              10.7952787,
              52.4328200
            ],
            [
              10.7952697,
              52.4328176
            ],
            [
              10.7952638,
              52.4328123
            ],
            [
              10.7952632,
              52.4328066
            ],
            [
              10.7952694,
              52.4328000
            ],
            [
              10.7952821,
              52.4327973
            ],
            [
              10.7952923,
              52.4327994
            ],
            [
              10.7952987,
              52.4328042
            ],
            [
              10.7952999,
              52.4328108
            ],
            [
              10.7952962,
              52.4328158
            ],
            [
              10.7952887,
              52.4328193
            ],
            [
              10.7952787,
              52.4328200
            ]
          ]
        ]
      }
    },
    {
      "type": "Feature",
      "properties": {
        "addr:city": "Wolfsburg",
        "addr:country": "DE",
        "addr:housenumber": "2",
        "addr:postcode": "38440",
        "addr:street": "Heinrich-Nordhoff-Straße",
        "building": "hotel",
        "name": "Hotel INNSiDE Wolfsburg",
        "tourism": "hotel",
        "website": "https://www.melia.com/de/hotels/deutschland/wolfsburg/innside-wolfsburg",
        "osm_id": 0
      },
      "geometry": {
        "type": "Polygon",
        "coordinates": [
          [
            [
              10.7885354,
              52.4280176
            ],
            [
              10.7888036,
              52.4284396
            ],
            [
              10.7880794,
              52.4286162
            ],
            [
              10.7883005,
              52.4280864
            ],
            [
              10.7883563,
              52.4280521
            ],
            [
              10.7884341,
              52.4280285
            ],
            [
              10.7885354,
              52.4280176
            ]
          ]
        ]
      }
    },
    {
      "type": "Feature",
      "properties": {
        "addr:city": "Wolfsburg",
        "addr:housenumber": "1",
        "addr:postcode": "38440",
        "addr:street": "An der Vorburg",
        "amenity": "fast_food",
        "brand": "dean&david",
        "brand:wikidata": "Q66132404",
        "building": "retail",
        "building:levels": "1",
        "cuisine": "salad;sandwich",
        "name": "dean&david",
        "opening_hours": "Mo-Sa 10:00-20:30",
        "phone": "+49 5361 5585953",
        "ref": "77",
        "takeaway": "yes",
        "wheelchair": "yes",
        "osm_id": 0
      },
      "geometry": {
        "type": "Polygon",
        "coordinates": [
          [
            [
              10.7967766,
              52.4289242
            ],
            [
              10.7967518,
              52.4289044
            ],
            [
              10.7967165,
              52.4288919
            ],
            [
              10.7966760,
              52.4288887
            ],
            [
              10.7966366,
              52.4288951
            ],
            [
              10.7966042,
              52.4289102
            ],
            [
              10.7965837,
              52.4289317
            ],
            [
              10.7965783,
              52.4289564
            ],
            [
              10.7965888,
              52.4289805
            ],
            [
              10.7966137,
              52.4290002
            ],
            [
              10.7966490,
              52.4290127
            ],
            [
              10.7966894,
              52.4290160
            ],
            [
              10.7967289,
              52.4290096
            ],
            [
              10.7967613,
              52.4289944
            ],
            [
              10.7967817,
              52.4289729
            ],
            [
              10.7967871,
              52.4289482
            ],
            [
              10.7967766,
              52.4289242
            ]
          ]
        ]
      }
    },
    {
      "type": "Feature",
      "properties": {
        "addr:unit": "72a",
        "brand": "Adidas",
        "brand:wikidata": "Q3895",
        "brand:wikipedia": "en:Adidas",
        "building": "retail",
        "building:levels": "2",
        "building:levels:underground": "1",
        "contact:phone": "+49 5361 6542800",
        "name": "Adidas",
        "opening_hours": "Mo-Sa 10:00-20:00",
        "ref": "Unit 72a",
        "roof:shape": "flat",
        "shop": "sports",
        "wheelchair": "yes",
        "osm_id": 0
      },
      "geometry": {
        "type": "Polygon",
        "coordinates": [
          [
            [
              10.7962053,
              52.4289531
            ],
            [
              10.7960872,
              52.4289351
            ],
            [
              10.7959822,
              52.4289252
            ],
            [
              10.7958615,
              52.4289216
            ],
            [
              10.7957595,
              52.4289253
            ],
            [
              10.7957327,
              52.4289465
            ],
            [
              10.7957431,
              52.4289992
            ],
            [
              10.7957715,
              52.4290698
            ],
            [
              10.7958146,
              52.4291358
            ],
            [
              10.7958639,
              52.4291934
            ],
            [
              10.7959247,
              52.4292490
            ],
            [
              10.7960494,
              52.4291525
            ],
            [
              10.7960941,
              52.4291742
            ],
            [
              10.7961905,
              52.4291023
            ],
            [
              10.7960814,
              52.4290493
            ],
            [
              10.7962053,
              52.4289531
            ]
          ]
        ]
      }
    },
    {
      "type": "Feature",
      "properties": {
        "addr:city": "Wolfsburg",
        "addr:country": "DE",
        "addr:housenumber": "4",
        "addr:postcode": "38440",
        "addr:street": "Rothenfelder Markt",
        "building": "house",
        "osm_id": 0
      },
      "geometry": {
        "type": "Polygon",
        "coordinates": [
          [
            [
              10.7938750,
              52.4272910
            ],
            [
              10.7939020,
              52.4272920
            ],
            [
              10.7939000,
              52.4273030
            ],
            [
              10.7940200,
              52.4273110
            ],
            [
              10.7940280,
              52.4272630
            ],
            [
              10.7940650,
              52.4272650
            ],
            [
              10.7940670,
              52.4272510
            ],
            [
              10.7941200,
              52.4272540
            ],
            [
              10.7941160,
              52.4272820
            ],
            [
              10.7940760,
              52.4272790
            ],
            [
              10.7940700,
              52.4273150
            ],
            [
              10.7942330,
              52.4273260
            ],
            [
              10.7942520,
              52.4272180
            ],
            [
              10.7940820,
              52.4272080
            ],
            [
              10.7940820,
              52.4272090
            ],
            [
              10.7940740,
              52.4272090
            ],
            [
              10.7940750,
              52.4272010
            ],
            [
              10.7940590,
              52.4272000
            ],
            [
              10.7939480,
              52.4271930
            ],
            [
              10.7939450,
              52.4271930
            ],
            [
              10.7939450,
              52.4271940
            ],
            [
              10.7939450,
              52.4271970
            ],
            [
              10.7939380,
              52.4272400
            ],
            [
              10.7939110,
              52.4272390
            ],
            [
              10.7939080,
              52.4272570
            ],
            [
              10.7938820,
              52.4272560
            ],
            [
              10.7938810,
              52.4272580
            ],
            [
              10.7938750,
              52.4272910
            ]
          ]
        ]
      }
    },
    {
      "type": "Feature",
      "properties": {
        "addr:city": "Wolfsburg",
        "addr:country": "DE",
        "addr:housenumber": "6",
        "addr:postcode": "38440",
        "addr:street": "Rothenfelder Markt",
        "building": "house",
        "osm_id": 0
      },
      "geometry": {
        "type": "Polygon",
        "coordinates": [
          [
            [
              10.7938940,
              52.4271900
            ],
            [
              10.7939480,
              52.4271930
            ],
            [
              10.7940590,
              52.4272000
            ],
            [
              10.7940760,
              52.4271020
            ],
            [
              10.7941430,
              52.4271060
            ],
            [
              10.7941370,
              52.4271440
            ],
            [
              10.7942630,
              52.4271520
            ],
            [
              10.7942800,
              52.4270490
            ],
            [
              10.7941640,
              52.4270420
            ],
            [
              10.7941650,
              52.4270350
            ],
            [
              10.7941560,
              52.4270350
            ],
            [
              10.7940950,
              52.4270310
            ],
            [
              10.7940880,
              52.4270680
            ],
            [
              10.7939710,
              52.4270600
            ],
            [
              10.7939640,
              52.4271000
            ],
            [
              10.7939110,
              52.4270960
            ],
            [
              10.7938940,
              52.4271900
            ]
          ]
        ]
      }
    },
    {
      "type": "Feature",
      "properties": {
        "building": "office",
        "building:levels": "10",
        "name": "Nordkopf Tower",
        "roof:shape": "flat",
        "osm_id": 0
      },
      "geometry": {
        "type": "Polygon",
        "coordinates": [
          [
            [
              10.7919450,
              52.4280749
            ],
            [
              10.7919440,
              52.4280627
            ],
            [
              10.7919425,
              52.4280428
            ],
            [
              10.7919400,
              52.4280111
            ],
            [
              10.7919381,
              52.4279867
            ],
            [
              10.7919345,
              52.4279406
            ],
            [
              10.7913036,
              52.4279577
            ],
            [
              10.7913360,
              52.4280032
            ],
            [
              10.7913547,
              52.4280295
            ],
            [
              10.7915455,
              52.4282949
            ],
            [
              10.7915923,
              52.4283630
            ],
            [
              10.7919108,
              52.4287662
            ],
            [
              10.7920120,
              52.4287639
            ],
            [
              10.7919962,
              52.4285930
            ],
            [
              10.7919845,
              52.4284212
            ],
            [
              10.7918935,
              52.4284242
            ],
            [
              10.7917553,
              52.4282394
            ],
            [
              10.7919581,
              52.4281847
            ],
            [
              10.7919450,
              52.4280749
            ]
          ]
        ]
      }
    },
    {
      "type": "Feature",
      "properties": {
        "building": "yes",
        "osm_id": 0
      },
      "geometry": {
        "type": "Polygon",
        "coordinates": [
          [
            [
              10.7927855,
              52.4270632
            ],
            [
              10.7927834,
              52.4270910
            ],
            [
              10.7928887,
              52.4270940
            ],
            [
              10.7928961,
              52.4269973
            ],
            [
              10.7927908,
              52.4269943
            ],
            [
              10.7927855,
              52.4270632
            ]
          ]
        ]
      }
    },
    {
      "type": "Feature",
      "properties": {
        "building": "yes",
        "osm_id": 0
      },
      "geometry": {
        "type": "Polygon",
        "coordinates": [
          [
            [
              10.7924657,
              52.4270541
            ],
            [
              10.7927855,
              52.4270632
            ],
            [
              10.7927908,
              52.4269943
            ],
            [
              10.7924710,
              52.4269852
            ],
            [
              10.7924703,
              52.4269940
            ],
            [
              10.7924657,
              52.4270541
            ]
          ]
        ]
      }
    },
    {
      "type": "Feature",
      "properties": {
        "building": "yes",
        "osm_id": 0
      },
      "geometry": {
        "type": "Polygon",
        "coordinates": [
          [
            [
              10.7923112,
              52.4270496
            ],
            [
              10.7924657,
              52.4270541
            ],
            [
              10.7924703,
              52.4269940
            ],
            [
              10.7923158,
              52.4269896
            ],
            [
              10.7923112,
              52.4270496
            ]
          ]
        ]
      }
    },
    {
      "type": "Feature",
      "properties": {
        "building": "yes",
        "osm_id": 0
      },
      "geometry": {
        "type": "Polygon",
        "coordinates": [
          [
            [
              10.7921476,
              52.4271390
            ],
            [
              10.7923040,
              52.4271434
            ],
            [
              10.7923112,
              52.4270496
            ],
            [
              10.7923158,
              52.4269896
            ],
            [
              10.7921594,
              52.4269851
            ],
            [
              10.7921476,
              52.4271390
            ]
          ]
        ]
      }
    },
    {
      "type": "Feature",
      "properties": {
        "building": "yes",
        "osm_id": 0
      },
      "geometry": {
        "type": "Polygon",
        "coordinates": [
          [
            [
              10.7983696,
              52.4289655
            ],
            [
              10.7985708,
              52.4289581
            ],
            [
              10.7985386,
              52.4286343
            ],
            [
              10.7983375,
              52.4286417
            ],
            [
              10.7983696,
              52.4289655
            ]
          ]
        ]
      }
    },
    {
      "type": "Feature",
      "properties": {
        "building": "yes",
        "osm_id": 0
      },
      "geometry": {
        "type": "Polygon",
        "coordinates": [
          [
            [
              10.7974631,
              52.4289152
            ],
            [
              10.7981662,
              52.4289580
            ],
            [
              10.7981879,
              52.4288255
            ],
            [
              10.7978890,
              52.4288073
            ],
            [
              10.7978850,
              52.4288315
            ],
            [
              10.7974808,
              52.4288069
            ],
            [
              10.7974631,
              52.4289152
            ]
          ]
        ]
      }
    },
    {
      "type": "Feature",
      "properties": {
        "amenity": "shelter",
        "bench": "yes",
        "bin": "yes",
        "building": "yes",
        "shelter_type": "public_transport",
        "osm_id": 0
      },
      "geometry": {
        "type": "Polygon",
        "coordinates": [
          [
            [
              10.7900174,
              52.4271875
            ],
            [
              10.7900529,
              52.4271866
            ],
            [
              10.7900497,
              52.4271362
            ],
            [
              10.7900142,
              52.4271370
            ],
            [
              10.7900174,
              52.4271875
            ]
          ]
        ]
      }
    },
    {
      "type": "Feature",
      "properties": {
        "amenity": "shelter",
        "bench": "yes",
        "bin": "yes",
        "building": "yes",
        "shelter_type": "public_transport",
        "osm_id": 0
      },
      "geometry": {
        "type": "Polygon",
        "coordinates": [
          [
            [
              10.7904351,
              52.4271045
            ],
            [
              10.7904683,
              52.4271027
            ],
            [
              10.7904617,
              52.4270576
            ],
            [
              10.7904285,
              52.4270594
            ],
            [
              10.7904351,
              52.4271045
            ]
          ]
        ]
      }
    },
    {
      "type": "Feature",
      "properties": {
        "amenity": "shelter",
        "bench": "yes",
        "bin": "yes",
        "building": "yes",
        "shelter_type": "public_transport",
        "osm_id": 0
      },
      "geometry": {
        "type": "Polygon",
        "coordinates": [
          [
            [
              10.7904559,
              52.4273228
            ],
            [
              10.7904907,
              52.4273203
            ],
            [
              10.7904798,
              52.4272654
            ],
            [
              10.7904450,
              52.4272679
            ],
            [
              10.7904559,
              52.4273228
            ]
          ]
        ]
      }
    },
    {
      "type": "Feature",
      "properties": {
        "access": "yes",
        "amenity": "toilets",
        "building": "yes",
        "fee": "yes",
        "toilets:disposal": "flush",
        "unisex": "yes",
        "wheelchair": "yes",
        "osm_id": 0
      },
      "geometry": {
        "type": "Polygon",
        "coordinates": [
          [
            [
              10.7904469,
              52.4275469
            ],
            [
              10.7904438,
              52.4275175
            ],
            [
              10.7904980,
              52.4275154
            ],
            [
              10.7905011,
              52.4275448
            ],
            [
              10.7904802,
              52.4275456
            ],
            [
              10.7904469,
              52.4275469
            ]
          ]
        ]
      }
    },
    {
      "type": "Feature",
      "properties": {
        "amenity": "shelter",
        "bench": "yes",
        "bin": "yes",
        "building": "yes",
        "shelter_type": "public_transport",
        "osm_id": 0
      },
      "geometry": {
        "type": "Polygon",
        "coordinates": [
          [
            [
              10.7904452,
              52.4276136
            ],
            [
              10.7904776,
              52.4276119
            ],
            [
              10.7904717,
              52.4275706
            ],
            [
              10.7904394,
              52.4275723
            ],
            [
              10.7904452,
              52.4276136
            ]
          ]
        ]
      }
    },
    {
      "type": "Feature",
      "properties": {
        "amenity": "shelter",
        "bench": "yes",
        "bin": "yes",
        "building": "yes",
        "shelter_type": "public_transport",
        "osm_id": 0
      },
      "geometry": {
        "type": "Polygon",
        "coordinates": [
          [
            [
              10.7995021,
              52.4330462
            ],
            [
              10.7995021,
              52.4329982
            ],
            [
              10.7995431,
              52.4329982
            ],
            [
              10.7995431,
              52.4330462
            ],
            [
              10.7995021,
              52.4330462
            ]
          ]
        ]
      }
    },
    {
      "type": "Feature",
      "properties": {
        "addr:unit": "86",
        "brand": "Guess",
        "brand:wikidata": "Q2470307",
        "brand:wikipedia": "en:Guess (clothing)",
        "building": "retail",
        "building:levels": "3",
        "building:levels:underground": "2",
        "name": "Guess",
        "opening_hours": "Mo-Sa 10:00-20:00",
        "ref": "Unit 86",
        "roof:shape": "flat",
        "shop": "clothes",
        "wheelchair": "yes",
        "osm_id": 0
      },
      "geometry": {
        "type": "Polygon",
        "coordinates": [
          [
            [
              10.7975804,
              52.4296948
            ],
            [
              10.7976253,
              52.4297029
            ],
            [
              10.7976884,
              52.4297111
            ],
            [
              10.7977660,
              52.4297162
            ],
            [
              10.7978508,
              52.4297187
            ],
            [
              10.7979307,
              52.4297159
            ],
            [
              10.7980254,
              52.4297063
            ],
            [
              10.7981048,
              52.4296935
            ],
            [
              10.7981685,
              52.4296794
            ],
            [
              10.7981832,
              52.4296574
            ],
            [
              10.7981464,
              52.4296150
            ],
            [
              10.7980933,
              52.4295702
            ],
            [
              10.7980364,
              52.4295328
            ],
            [
              10.7980280,
              52.4295363
            ],
            [
              10.7979724,
              52.4296314
            ],
            [
              10.7978700,
              52.4296091
            ],
            [
              10.7978319,
              52.4296743
            ],
            [
              10.7977419,
              52.4296547
            ],
            [
              10.7976194,
              52.4296281
            ],
            [
              10.7975804,
              52.4296948
            ]
          ]
        ]
      }
    },
    {
      "type": "Feature",
      "properties": {
        "building": "yes",
        "building:levels": "2",
        "building:levels:underground": "1",
        "roof:shape": "flat",
        "osm_id": 0
      },
      "geometry": {
        "type": "Polygon",
        "coordinates": [
          [
            [
              10.7965207,
              52.4293427
            ],
            [
              10.7965845,
              52.4292938
            ],
            [
              10.7966176,
              52.4293100
            ],
            [
              10.7967590,
              52.4293787
            ],
            [
              10.7966942,
              52.4294283
            ],
            [
              10.7965207,
              52.4293427
            ]
          ]
        ]
      }
    },
    {
      "type": "Feature",
      "properties": {
        "building": "yes",
        "building:levels": "3",
        "building:levels:underground": "2",
        "roof:shape": "flat",
        "shop": "vacant",
        "osm_id": 0
      },
      "geometry": {
        "type": "Polygon",
        "coordinates": [
          [
            [
              10.7976194,
              52.4296281
            ],
            [
              10.7975363,
              52.4296100
            ],
            [
              10.7974797,
              52.4295977
            ],
            [
              10.7974098,
              52.4295825
            ],
            [
              10.7973767,
              52.4296390
            ],
            [
              10.7974416,
              52.4296609
            ],
            [
              10.7975054,
              52.4296778
            ],
            [
              10.7975804,
              52.4296948
            ],
            [
              10.7976194,
              52.4296281
            ]
          ]
        ]
      }
    },
    {
      "type": "Feature",
      "properties": {
        "addr:unit": "81",
        "brand": "Lacoste",
        "brand:wikidata": "Q309031",
        "building": "retail",
        "building:levels": "3",
        "building:levels:underground": "2",
        "name": "Lacoste",
        "opening_hours": "Mo-Sa 10:00-20:00",
        "phone": "+49 5361 8919908",
        "ref": "Unit 81",
        "roof:shape": "flat",
        "shop": "clothes",
        "wheelchair": "yes",
        "osm_id": 0
      },
      "geometry": {
        "type": "Polygon",
        "coordinates": [
          [
            [
              10.7976636,
              52.4293924
            ],
            [
              10.7976005,
              52.4293819
            ],
            [
              10.7975314,
              52.4293735
            ],
            [
              10.7975305,
              52.4293760
            ],
            [
              10.7975210,
              52.4293923
            ],
            [
              10.7974287,
              52.4295501
            ],
            [
              10.7974098,
              52.4295825
            ],
            [
              10.7974797,
              52.4295977
            ],
            [
              10.7975363,
              52.4296100
            ],
            [
              10.7976636,
              52.4293924
            ]
          ]
        ]
      }
    },
    {
      "type": "Feature",
      "properties": {
        "addr:unit": "82;83",
        "brand": "Tom Tailor",
        "brand:wikidata": "Q571206",
        "brand:wikipedia": "en:Tom Tailor",
        "building": "retail",
        "building:levels": "3",
        "building:levels:underground": "2",
        "name": "Tom Tailor",
        "opening_hours": "Mo-Sa 10:00-20:00",
        "phone": "+49 5361 7007381",
        "ref": "Unit 82/83",
        "roof:shape": "flat",
        "shop": "clothes",
        "wheelchair": "yes",
        "osm_id": 0
      },
      "geometry": {
        "type": "Polygon",
        "coordinates": [
          [
            [
              10.7977468,
              52.4294106
            ],
            [
              10.7976636,
              52.4293924
            ],
            [
              10.7975363,
              52.4296100
            ],
            [
              10.7976194,
              52.4296281
            ],
            [
              10.7977419,
              52.4296547
            ],
            [
              10.7978629,
              52.4294478
            ],
            [
              10.7978057,
              52.4294277
            ],
            [
              10.7977468,
              52.4294106
            ]
          ]
        ]
      }
    },
    {
      "type": "Feature",
      "properties": {
        "addr:unit": "84",
        "building": "retail",
        "building:levels": "3",
        "building:levels:underground": "2",
        "opening_hours": "Mo-Sa 10:00-20:00",
        "ref": "Unit 84",
        "roof:shape": "flat",
        "shop": "vacant",
        "wheelchair": "yes",
        "osm_id": 0
      },
      "geometry": {
        "type": "Polygon",
        "coordinates": [
          [
            [
              10.7978700,
              52.4296091
            ],
            [
              10.7979443,
              52.4294821
            ],
            [
              10.7979016,
              52.4294633
            ],
            [
              10.7978629,
              52.4294478
            ],
            [
              10.7977419,
              52.4296547
            ],
            [
              10.7978319,
              52.4296743
            ],
            [
              10.7978700,
              52.4296091
            ]
          ]
        ]
      }
    },
    {
      "type": "Feature",
      "properties": {
        "addr:unit": "80",
        "brand": "Swarovski",
        "brand:wikidata": "Q611115",
        "building": "retail",
        "building:levels": "3",
        "building:levels:underground": "2",
        "name": "Swarovski",
        "opening_hours": "Mo-Sa 10:00-20:00",
        "phone": "+49 5361 7794258",
        "ref": "Unit 80",
        "roof:shape": "flat",
        "shop": "jewelry",
        "wheelchair": "yes",
        "osm_id": 0
      },
      "geometry": {
        "type": "Polygon",
        "coordinates": [
          [
            [
              10.7974450,
              52.4293758
            ],
            [
              10.7973527,
              52.4295336
            ],
            [
              10.7974287,
              52.4295501
            ],
            [
              10.7975210,
              52.4293923
            ],
            [
              10.7975305,
              52.4293760
            ],
            [
              10.7975314,
              52.4293735
            ],
            [
              10.7974457,
              52.4293687
            ],
            [
              10.7974450,
              52.4293758
            ]
          ]
        ]
      }
    },
    {
      "type": "Feature",
      "properties": {
        "addr:unit": "79",
        "brand": "Scotch & Soda",
        "brand:wikidata": "Q17141914",
        "brand:wikipedia": "en:Scotch and Soda (clothing)",
        "building": "retail",
        "building:levels": "3",
        "building:levels:underground": "2",
        "name": "Scotch & Soda",
        "opening_hours": "Mo-Sa 10:00-20:00",
        "phone": "+49 5361 6542906",
        "ref": "Unit 79",
        "roof:shape": "flat",
        "shop": "clothes",
        "wheelchair": "yes",
        "osm_id": 0
      },
      "geometry": {
        "type": "Polygon",
        "coordinates": [
          [
            [
              10.7973132,
              52.4293766
            ],
            [
              10.7972362,
              52.4295083
            ],
            [
              10.7973527,
              52.4295336
            ],
            [
              10.7974450,
              52.4293758
            ],
            [
              10.7974457,
              52.4293687
            ],
            [
              10.7973766,
              52.4293680
            ],
            [
              10.7973132,
              52.4293709
            ],
            [
              10.7973132,
              52.4293766
            ]
          ]
        ]
      }
    },
    {
      "type": "Feature",
      "properties": {
        "building": "retail",
        "building:levels": "3",
        "building:levels:underground": "2",
        "ref": "Unit 85",
        "roof:shape": "flat",
        "shop": "vacant",
        "osm_id": 0
      },
      "geometry": {
        "type": "Polygon",
        "coordinates": [
          [
            [
              10.7978700,
              52.4296091
            ],
            [
              10.7979724,
              52.4296314
            ],
            [
              10.7980280,
              52.4295363
            ],
            [
              10.7980364,
              52.4295328
            ],
            [
              10.7979933,
              52.4295056
            ],
            [
              10.7979443,
              52.4294821
            ],
            [
              10.7978700,
              52.4296091
            ]
          ]
        ]
      }
    },
    {
      "type": "Feature",
      "properties": {
        "addr:unit": "78",
        "brand": "Rituals",
        "brand:wikidata": "Q62874140",
        "building": "retail",
        "building:levels": "3",
        "building:levels:underground": "2",
        "name": "Rituals",
        "opening_hours": "Mo-Sa 10:00-20:00",
        "phone": "+49 5361 8374880",
        "ref": "Unit 78",
        "roof:shape": "flat",
        "shop": "cosmetics",
        "wheelchair": "yes",
        "osm_id": 0
      },
      "geometry": {
        "type": "Polygon",
        "coordinates": [
          [
            [
              10.7973767,
              52.4296390
            ],
            [
              10.7974098,
              52.4295825
            ],
            [
              10.7974287,
              52.4295501
            ],
            [
              10.7973527,
              52.4295336
            ],
            [
              10.7972362,
              52.4295083
            ],
            [
              10.7973132,
              52.4293766
            ],
            [
              10.7973132,
              52.4293709
            ],
            [
              10.7972404,
              52.4293774
            ],
            [
              10.7971556,
              52.4293883
            ],
            [
              10.7970681,
              52.4294058
            ],
            [
              10.7970562,
              52.4294303
            ],
            [
              10.7970808,
              52.4294580
            ],
            [
              10.7971153,
              52.4294919
            ],
            [
              10.7971654,
              52.4295296
            ],
            [
              10.7972302,
              52.4295714
            ],
            [
              10.7972935,
              52.4296046
            ],
            [
              10.7973767,
              52.4296390
            ]
          ]
        ]
      }
    },
    {
      "type": "Feature",
      "properties": {
        "addr:unit": "70",
        "brand": "Jack Wolfskin",
        "brand:wikidata": "Q536133",
        "brand:wikipedia": "en:Jack Wolfskin",
        "building": "retail",
        "building:levels": "2",
        "building:levels:underground": "1",
        "name": "Jack Wolfskin",
        "nohousenumber": "yes",
        "opening_hours": "Mo-Sa 10:00-20:00",
        "phone": "+49 5361 6016812",
        "ref": "Unit 70",
        "roof:shape": "flat",
        "shop": "outdoor",
        "wheelchair": "yes",
        "osm_id": 0
      },
      "geometry": {
        "type": "Polygon",
        "coordinates": [
          [
            [
              10.7964896,
              52.4293664
            ],
            [
              10.7963257,
              52.4292868
            ],
            [
              10.7961879,
              52.4293919
            ],
            [
              10.7961815,
              52.4293967
            ],
            [
              10.7962411,
              52.4294195
            ],
            [
              10.7963102,
              52.4294417
            ],
            [
              10.7963764,
              52.4294559
            ],
            [
              10.7963842,
              52.4294471
            ],
            [
              10.7964896,
              52.4293664
            ]
          ]
        ]
      }
    },
    {
      "type": "Feature",
      "properties": {
        "addr:unit": "69c",
        "brand": "Vans",
        "brand:wikidata": "Q1135366",
        "brand:wikipedia": "en:Vans",
        "building": "retail",
        "building:levels": "2",
        "building:levels:underground": "1",
        "name": "Vans",
        "nohousenumber": "yes",
        "opening_hours": "Mo-Sa 10:00-20:00",
        "phone": "+49 5361 8613329",
        "ref": "Unit 69c",
        "roof:shape": "flat",
        "shop": "shoes",
        "wheelchair": "yes",
        "osm_id": 0
      },
      "geometry": {
        "type": "Polygon",
        "coordinates": [
          [
            [
              10.7968418,
              52.4293388
            ],
            [
              10.7968187,
              52.4293006
            ],
            [
              10.7967847,
              52.4292573
            ],
            [
              10.7967450,
              52.4292144
            ],
            [
              10.7966176,
              52.4293100
            ],
            [
              10.7967590,
              52.4293787
            ],
            [
              10.7968062,
              52.4293426
            ],
            [
              10.7968418,
              52.4293388
            ]
          ]
        ]
      }
    },
    {
      "type": "Feature",
      "properties": {
        "addr:unit": "75",
        "brand": "Wellensteyn",
        "brand:wikidata": "Q62610375",
        "brand:wikipedia": "de:Wellensteyn",
        "building": "retail",
        "building:levels": "2",
        "building:levels:underground": "1",
        "name": "Wellensteyn",
        "nohousenumber": "yes",
        "opening_hours": "Mo-Sa 10:00-20:00",
        "phone": "+49 5361 8647420",
        "ref": "Unit 75",
        "roof:shape": "flat",
        "shop": "clothes",
        "wheelchair": "yes",
        "osm_id": 0
      },
      "geometry": {
        "type": "Polygon",
        "coordinates": [
          [
            [
              10.7966396,
              52.4291290
            ],
            [
              10.7965980,
              52.4291002
            ],
            [
              10.7965471,
              52.4290732
            ],
            [
              10.7963816,
              52.4291952
            ],
            [
              10.7964855,
              52.4292457
            ],
            [
              10.7966396,
              52.4291290
            ]
          ]
        ]
      }
    },
    {
      "type": "Feature",
      "properties": {
        "addr:unit": "74",
        "brand": "Superdry",
        "brand:wikidata": "Q1684445",
        "brand:wikipedia": "en:Superdry",
        "building": "retail",
        "building:levels": "2",
        "building:levels:underground": "1",
        "name": "Superdry",
        "opening_hours": "Mo-Sa 10:00-20:00",
        "phone": "+49 5361 8610456",
        "ref": "Unit 74",
        "roof:shape": "flat",
        "shop": "clothes",
        "wheelchair": "yes",
        "osm_id": 0
      },
      "geometry": {
        "type": "Polygon",
        "coordinates": [
          [
            [
              10.7965471,
              52.4290732
            ],
            [
              10.7964599,
              52.4290315
            ],
            [
              10.7963670,
              52.4289964
            ],
            [
              10.7963553,
              52.4290127
            ],
            [
              10.7962166,
              52.4291151
            ],
            [
              10.7963816,
              52.4291952
            ],
            [
              10.7965471,
              52.4290732
            ]
          ]
        ]
      }
    },
    {
      "type": "Feature",
      "properties": {
        "addr:unit": "73",
        "building": "retail",
        "building:levels": "2",
        "building:levels:underground": "1",
        "name": "Möve",
        "opening_hours": "Mo-Sa 10:00-20:00",
        "phone": "+49 5361 8648514",
        "ref": "Unit 73",
        "roof:shape": "flat",
        "shop": "interior_decoration",
        "wheelchair": "yes",
        "osm_id": 0
      },
      "geometry": {
        "type": "Polygon",
        "coordinates": [
          [
            [
              10.7963670,
              52.4289964
            ],
            [
              10.7962896,
              52.4289739
            ],
            [
              10.7962053,
              52.4289531
            ],
            [
              10.7960814,
              52.4290493
            ],
            [
              10.7961905,
              52.4291023
            ],
            [
              10.7962166,
              52.4291151
            ],
            [
              10.7963553,
              52.4290127
            ],
            [
              10.7963670,
              52.4289964
            ]
          ]
        ]
      }
    },
    {
      "type": "Feature",
      "properties": {
        "addr:city": "Wolfsburg",
        "addr:housenumber": "1",
        "addr:postcode": "38440",
        "addr:street": "An der Vorburg",
        "building": "retail",
        "building:levels": "2",
        "building:levels:underground": "1",
        "name": "Ravensburger",
        "phone": "+49 5361 2728055",
        "ref": "Unit 72b",
        "roof:shape": "flat",
        "shop": "toys",
        "osm_id": 0
      },
      "geometry": {
        "type": "Polygon",
        "coordinates": [
          [
            [
              10.7960072,
              52.4293083
            ],
            [
              10.7960514,
              52.4293356
            ],
            [
              10.7961043,
              52.4293629
            ],
            [
              10.7961105,
              52.4293582
            ],
            [
              10.7962517,
              52.4292508
            ],
            [
              10.7961472,
              52.4292000
            ],
            [
              10.7960072,
              52.4293083
            ]
          ]
        ]
      }
    },
    {
      "type": "Feature",
      "properties": {
        "addr:unit": "71",
        "brand": "Pepe Jeans",
        "brand:wikidata": "Q426992",
        "brand:wikipedia": "en:Pepe Jeans",
        "building": "retail",
        "building:levels": "2",
        "building:levels:underground": "1",
        "name": "Pepe Jeans",
        "opening_hours": "Mo-Sa 10:00-20:00",
        "phone": "+49 5361 6008410",
        "ref": "Unit 71",
        "roof:shape": "flat",
        "shop": "clothes",
        "wheelchair": "yes",
        "osm_id": 0
      },
      "geometry": {
        "type": "Polygon",
        "coordinates": [
          [
            [
              10.7959247,
              52.4292490
            ],
            [
              10.7960072,
              52.4293083
            ],
            [
              10.7961472,
              52.4292000
            ],
            [
              10.7960941,
              52.4291742
            ],
            [
              10.7960494,
              52.4291525
            ],
            [
              10.7959247,
              52.4292490
            ]
          ]
        ]
      }
    },
    {
      "type": "Feature",
      "properties": {
        "addr:unit": "76",
        "brand": "bruno banani",
        "brand:wikidata": "Q896166",
        "building": "retail",
        "building:levels": "2",
        "building:levels:underground": "1",
        "clothes": "underwear",
        "name": "bruno banani",
        "nohousenumber": "yes",
        "opening_hours": "Mo-Sa 10:00-20:00",
        "phone": "+49 5361 2757735",
        "ref": "Unit 76",
        "roof:shape": "flat",
        "shop": "clothes",
        "wheelchair": "yes",
        "osm_id": 0
      },
      "geometry": {
        "type": "Polygon",
        "coordinates": [
          [
            [
              10.7964855,
              52.4292457
            ],
            [
              10.7966396,
              52.4291290
            ],
            [
              10.7966959,
              52.4291701
            ],
            [
              10.7967450,
              52.4292144
            ],
            [
              10.7966176,
              52.4293100
            ],
            [
              10.7965845,
              52.4292938
            ],
            [
              10.7964855,
              52.4292457
            ]
          ]
        ]
      }
    },
    {
      "type": "Feature",
      "properties": {
        "addr:unit": "69b",
        "brand": "Timberland",
        "brand:wikidata": "Q1539185",
        "brand:wikipedia": "en:The Timberland Company",
        "building": "retail",
        "building:levels": "2",
        "building:levels:underground": "1",
        "check_date": "2026-05-16",
        "name": "The North Face",
        "nohousenumber": "yes",
        "opening_hours": "Mo-Sa 10:00-20:00",
        "ref": "Unit 69b",
        "roof:shape": "flat",
        "shop": "clothes",
        "wheelchair": "yes",
        "osm_id": 0
      },
      "geometry": {
        "type": "Polygon",
        "coordinates": [
          [
            [
              10.7966942,
              52.4294283
            ],
            [
              10.7967590,
              52.4293787
            ],
            [
              10.7968062,
              52.4293426
            ],
            [
              10.7968418,
              52.4293388
            ],
            [
              10.7968633,
              52.4293810
            ],
            [
              10.7968790,
              52.4294257
            ],
            [
              10.7968888,
              52.4294720
            ],
            [
              10.7968612,
              52.4294939
            ],
            [
              10.7967858,
              52.4294976
            ],
            [
              10.7966641,
              52.4294512
            ],
            [
              10.7966942,
              52.4294283
            ]
          ]
        ]
      }
    },
    {
      "type": "Feature",
      "properties": {
        "addr:unit": "69a",
        "brand": "Wilvorst;Atelier Torino",
        "building": "retail",
        "building:levels": "2",
        "building:levels:underground": "1",
        "clothes": "men",
        "name": "Wilvorst / Atelier Torino",
        "nohousenumber": "yes",
        "opening_hours": "Mo-Sa 10:00-20:00",
        "phone": "+49 5361 2759346",
        "ref": "Unit 69a",
        "roof:shape": "flat",
        "shop": "clothes",
        "wheelchair": "yes",
        "osm_id": 0
      },
      "geometry": {
        "type": "Polygon",
        "coordinates": [
          [
            [
              10.7966942,
              52.4294283
            ],
            [
              10.7965207,
              52.4293427
            ],
            [
              10.7964896,
              52.4293664
            ],
            [
              10.7963842,
              52.4294471
            ],
            [
              10.7963764,
              52.4294559
            ],
            [
              10.7964465,
              52.4294719
            ],
            [
              10.7965508,
              52.4294873
            ],
            [
              10.7966352,
              52.4294954
            ],
            [
              10.7967141,
              52.4294976
            ],
            [
              10.7967858,
              52.4294976
            ],
            [
              10.7966641,
              52.4294512
            ],
            [
              10.7966942,
              52.4294283
            ]
          ]
        ]
      }
    },
    {
      "type": "Feature",
      "properties": {
        "amenity": "fast_food",
        "brand": "Five Guys",
        "brand:wikidata": "Q1131810",
        "building": "retail",
        "building:levels": "2",
        "building:levels:underground": "1",
        "check_date": "2026-05-16",
        "cuisine": "burger",
        "drive_through": "no",
        "name": "Five Guys",
        "official_name": "Five Guys Burgers and Fries",
        "operator": "Five Guys",
        "payment:cash": "yes",
        "payment:contactless": "yes",
        "payment:girocard": "yes",
        "payment:mastercard": "yes",
        "payment:visa": "yes",
        "phone": "+49 5361 7008220",
        "ref": "Unit 37",
        "roof:shape": "flat",
        "takeaway": "yes",
        "wheelchair": "yes",
        "osm_id": 0
      },
      "geometry": {
        "type": "Polygon",
        "coordinates": [
          [
            [
              10.7954825,
              52.4290480
            ],
            [
              10.7954806,
              52.4290677
            ],
            [
              10.7952544,
              52.4290595
            ],
            [
              10.7952506,
              52.4290990
            ],
            [
              10.7952443,
              52.4291627
            ],
            [
              10.7953268,
              52.4291657
            ],
            [
              10.7954705,
              52.4291709
            ],
            [
              10.7954683,
              52.4291933
            ],
            [
              10.7955322,
              52.4291667
            ],
            [
              10.7955840,
              52.4291384
            ],
            [
              10.7955873,
              52.4291110
            ],
            [
              10.7955362,
              52.4290796
            ],
            [
              10.7954825,
              52.4290480
            ]
          ]
        ]
      }
    },
    {
      "type": "Feature",
      "properties": {
        "brand": "Triumph;Sloggi",
        "brand:wikidata": "Q671216",
        "building": "retail",
        "building:levels": "2",
        "building:levels:underground": "1",
        "check_date": "2026-05-16",
        "clothes": "underwear",
        "name": "SLOGGI",
        "phone": "+49 5361 893500",
        "ref": "Unit 40",
        "roof:shape": "flat",
        "shop": "clothes",
        "osm_id": 0
      },
      "geometry": {
        "type": "Polygon",
        "coordinates": [
          [
            [
              10.7950800,
              52.4291567
            ],
            [
              10.7949504,
              52.4291520
            ],
            [
              10.7949368,
              52.4292917
            ],
            [
              10.7949363,
              52.4292960
            ],
            [
              10.7950051,
              52.4292946
            ],
            [
              10.7950671,
              52.4292887
            ],
            [
              10.7950800,
              52.4291567
            ]
          ]
        ]
      }
    },
    {
      "type": "Feature",
      "properties": {
        "addr:unit": "41",
        "branch": "Kids",
        "brand": "Tom Tailor",
        "brand:wikidata": "Q571206",
        "building": "retail",
        "building:levels": "2",
        "building:levels:underground": "1",
        "clothes": "children",
        "name": "Tom Tailor Kids",
        "opening_hours": "Mo-Sa 10:00-20:00",
        "phone": "+49 5361 7007390",
        "ref": "Unit 41",
        "roof:shape": "flat",
        "shop": "clothes",
        "wheelchair": "yes",
        "osm_id": 0
      },
      "geometry": {
        "type": "Polygon",
        "coordinates": [
          [
            [
              10.7947312,
              52.4291449
            ],
            [
              10.7947176,
              52.4292838
            ],
            [
              10.7947839,
              52.4292906
            ],
            [
              10.7948474,
              52.4292951
            ],
            [
              10.7948480,
              52.4292885
            ],
            [
              10.7948616,
              52.4291497
            ],
            [
              10.7947312,
              52.4291449
            ]
          ]
        ]
      }
    },
    {
      "type": "Feature",
      "properties": {
        "addr:unit": "44",
        "brand": "Coach",
        "brand:wikidata": "Q727697",
        "brand:wikipedia": "en:Coach New York",
        "building": "retail",
        "building:levels": "2",
        "building:levels:underground": "1",
        "name": "Coach",
        "opening_hours": "Mo-Sa 10:00-20:00",
        "phone": "+49 5361 4371825",
        "ref": "Unit 44",
        "roof:shape": "flat",
        "shop": "bag",
        "wheelchair": "yes",
        "osm_id": 0
      },
      "geometry": {
        "type": "Polygon",
        "coordinates": [
          [
            [
              10.7943700,
              52.4289629
            ],
            [
              10.7942816,
              52.4289917
            ],
            [
              10.7941965,
              52.4290281
            ],
            [
              10.7941475,
              52.4290556
            ],
            [
              10.7941452,
              52.4290827
            ],
            [
              10.7941960,
              52.4291163
            ],
            [
              10.7942641,
              52.4291523
            ],
            [
              10.7943477,
              52.4291911
            ],
            [
              10.7943535,
              52.4291312
            ],
            [
              10.7944746,
              52.4291356
            ],
            [
              10.7944809,
              52.4290710
            ],
            [
              10.7943598,
              52.4290666
            ],
            [
              10.7943700,
              52.4289629
            ]
          ]
        ]
      }
    },
    {
      "type": "Feature",
      "properties": {
        "addr:unit": "49",
        "brand": "Michael Kors",
        "brand:wikidata": "Q19572998",
        "brand:wikipedia": "en:Capri Holdings",
        "building": "retail",
        "building:levels": "2",
        "name": "Michael Kors",
        "note:de": "Nur bis Renovierung von Unit 17 abgeschlossen ist.",
        "opening_hours": "Mo-Sa 10:00-20:00",
        "phone": "+49 5361 843080",
        "ref": "Unit 49",
        "roof:shape": "flat",
        "shop": "clothes",
        "wheelchair": "yes",
        "osm_id": 0
      },
      "geometry": {
        "type": "Polygon",
        "coordinates": [
          [
            [
              10.7948826,
              52.4288994
            ],
            [
              10.7948645,
              52.4290850
            ],
            [
              10.7951271,
              52.4290945
            ],
            [
              10.7951431,
              52.4289309
            ],
            [
              10.7950655,
              52.4289164
            ],
            [
              10.7949830,
              52.4289060
            ],
            [
              10.7948826,
              52.4288994
            ]
          ]
        ]
      }
    },
    {
      "type": "Feature",
      "properties": {
        "addr:unit": "48",
        "brand": "Mammut",
        "building": "retail",
        "building:levels": "2",
        "name": "Mammut",
        "opening_hours": "Mo-Sa 10:00-20:00",
        "phone": "+49 5361 7012200",
        "ref": "Unit 48",
        "roof:shape": "flat",
        "shop": "outdoor",
        "wheelchair": "yes",
        "osm_id": 0
      },
      "geometry": {
        "type": "Polygon",
        "coordinates": [
          [
            [
              10.7947338,
              52.4290802
            ],
            [
              10.7948645,
              52.4290850
            ],
            [
              10.7948826,
              52.4288994
            ],
            [
              10.7948100,
              52.4288985
            ],
            [
              10.7947514,
              52.4289002
            ],
            [
              10.7947338,
              52.4290802
            ]
          ]
        ]
      }
    },
    {
      "type": "Feature",
      "properties": {
        "addr:unit": "43",
        "brand": "bugatti",
        "brand:wikidata": "Q1002252",
        "building": "retail",
        "building:levels": "2",
        "check_date": "2026-05-16",
        "clothes": "men;women",
        "disused:shop": "shoes",
        "name": "Bugatti Shoes",
        "opening_hours": "Mo-Sa 10:00-20:00",
        "phone": "+49 5361 2763748",
        "ref": "Unit 43",
        "roof:shape": "flat",
        "wheelchair": "yes",
        "osm_id": 0
      },
      "geometry": {
        "type": "Polygon",
        "coordinates": [
          [
            [
              10.7943535,
              52.4291312
            ],
            [
              10.7943477,
              52.4291911
            ],
            [
              10.7944017,
              52.4292121
            ],
            [
              10.7944651,
              52.4292334
            ],
            [
              10.7944746,
              52.4291356
            ],
            [
              10.7943535,
              52.4291312
            ]
          ]
        ]
      }
    },
    {
      "type": "Feature",
      "properties": {
        "addr:unit": "47",
        "brand": "Hunkemöller",
        "brand:wikidata": "Q2604175",
        "brand:wikipedia": "en:Hunkemöller",
        "building": "retail",
        "building:levels": "2",
        "clothes": "underwear",
        "name": "Hunkemöller",
        "opening_hours": "Mo-Sa 10:00-20:00",
        "phone": "+49 5361 3863848",
        "ref": "Unit 47",
        "roof:shape": "flat",
        "shop": "clothes",
        "wheelchair": "yes",
        "osm_id": 0
      },
      "geometry": {
        "type": "Polygon",
        "coordinates": [
          [
            [
              10.7946045,
              52.4290755
            ],
            [
              10.7946481,
              52.4290771
            ],
            [
              10.7947338,
              52.4290802
            ],
            [
              10.7947514,
              52.4289002
            ],
            [
              10.7946886,
              52.4289030
            ],
            [
              10.7946206,
              52.4289100
            ],
            [
              10.7946045,
              52.4290755
            ]
          ]
        ]
      }
    },
    {
      "type": "Feature",
      "properties": {
        "addr:unit": "46",
        "brand": "van Laack",
        "brand:wikidata": "Q871242",
        "building": "retail",
        "building:levels": "2",
        "building:levels:underground": "1",
        "name": "van Laack",
        "opening_hours": "Mo-Sa 10:00-20:00",
        "phone": "+49 5361 2727151",
        "ref": "Unit 46",
        "roof:shape": "flat",
        "shop": "clothes",
        "wheelchair": "yes",
        "osm_id": 0
      },
      "geometry": {
        "type": "Polygon",
        "coordinates": [
          [
            [
              10.7944809,
              52.4290710
            ],
            [
              10.7946045,
              52.4290755
            ],
            [
              10.7946206,
              52.4289100
            ],
            [
              10.7945525,
              52.4289209
            ],
            [
              10.7944946,
              52.4289306
            ],
            [
              10.7944809,
              52.4290710
            ]
          ]
        ]
      }
    },
    {
      "type": "Feature",
      "properties": {
        "addr:unit": "45",
        "brand": "CALIDA",
        "brand:wikidata": "Q693344",
        "building": "retail",
        "building:levels": "2",
        "clothes": "underwear",
        "name": "CALIDA",
        "opening_hours": "Mo-Sa 10:00-20:00",
        "phone": "+49 5361 8610070",
        "ref": "Unit 45",
        "roof:shape": "flat",
        "shop": "clothes",
        "wheelchair": "yes",
        "osm_id": 0
      },
      "geometry": {
        "type": "Polygon",
        "coordinates": [
          [
            [
              10.7944809,
              52.4290710
            ],
            [
              10.7944946,
              52.4289306
            ],
            [
              10.7944231,
              52.4289467
            ],
            [
              10.7943700,
              52.4289629
            ],
            [
              10.7943598,
              52.4290666
            ],
            [
              10.7944809,
              52.4290710
            ]
          ]
        ]
      }
    },
    {
      "type": "Feature",
      "properties": {
        "addr:unit": "42",
        "brand": "bugatti",
        "brand:wikidata": "Q1002252",
        "building": "retail",
        "building:levels": "2",
        "clothes": "men;women",
        "name": "bugatti",
        "opening_hours": "Mo-Sa 10:00-20:00",
        "phone": "+49 5361 2763748",
        "ref": "Unit 42",
        "roof:shape": "flat",
        "shop": "clothes",
        "wheelchair": "yes",
        "osm_id": 0
      },
      "geometry": {
        "type": "Polygon",
        "coordinates": [
          [
            [
              10.7944746,
              52.4291356
            ],
            [
              10.7946418,
              52.4291417
            ],
            [
              10.7947312,
              52.4291449
            ],
            [
              10.7947176,
              52.4292838
            ],
            [
              10.7946203,
              52.4292685
            ],
            [
              10.7945462,
              52.4292532
            ],
            [
              10.7944651,
              52.4292334
            ],
            [
              10.7944746,
              52.4291356
            ]
          ]
        ]
      }
    },
    {
      "type": "Feature",
      "properties": {
        "addr:unit": "39",
        "brand": "Rosenthal;Hutschenreuther;Thomas",
        "building": "retail",
        "building:levels": "2",
        "name": "Rosenthal / Hutschenreuther",
        "opening_hours": "Mo-Sa 10:00-20:00",
        "phone": "+49 5361 276389",
        "ref": "Unit 39",
        "roof:shape": "flat",
        "shop": "houseware",
        "wheelchair": "yes",
        "osm_id": 0
      },
      "geometry": {
        "type": "Polygon",
        "coordinates": [
          [
            [
              10.7953268,
              52.4291657
            ],
            [
              10.7952443,
              52.4291627
            ],
            [
              10.7950800,
              52.4291567
            ],
            [
              10.7950671,
              52.4292887
            ],
            [
              10.7951486,
              52.4292799
            ],
            [
              10.7952424,
              52.4292618
            ],
            [
              10.7953192,
              52.4292432
            ],
            [
              10.7953268,
              52.4291657
            ]
          ]
        ]
      }
    },
    {
      "type": "Feature",
      "properties": {
        "addr:unit": "38",
        "brand": "sigikid",
        "brand:wikidata": "Q7512138",
        "building": "retail",
        "building:levels": "2",
        "clothes": "children",
        "name": "Sigikid",
        "opening_hours": "Mo-Sa 10:00-20:00",
        "phone": "+49 5361 8488044",
        "ref": "Unit 38",
        "roof:shape": "flat",
        "shop": "toys;clothes",
        "wheelchair": "yes",
        "osm_id": 0
      },
      "geometry": {
        "type": "Polygon",
        "coordinates": [
          [
            [
              10.7954705,
              52.4291709
            ],
            [
              10.7953268,
              52.4291657
            ],
            [
              10.7953192,
              52.4292432
            ],
            [
              10.7954035,
              52.4292190
            ],
            [
              10.7954683,
              52.4291933
            ],
            [
              10.7954705,
              52.4291709
            ]
          ]
        ]
      }
    },
    {
      "type": "Feature",
      "properties": {
        "addr:city": "Wolfsburg",
        "addr:housenumber": "1",
        "addr:postcode": "38440",
        "addr:street": "An der Vorburg",
        "building": "retail",
        "building:levels": "2",
        "clothes": "women",
        "name": "rich & loyal",
        "phone": "+49 5361 8930490",
        "ref": "Unit 51",
        "roof:shape": "flat",
        "shop": "clothes",
        "osm_id": 0
      },
      "geometry": {
        "type": "Polygon",
        "coordinates": [
          [
            [
              10.7952544,
              52.4290595
            ],
            [
              10.7954806,
              52.4290677
            ],
            [
              10.7954825,
              52.4290480
            ],
            [
              10.7954229,
              52.4290203
            ],
            [
              10.7953491,
              52.4289892
            ],
            [
              10.7952640,
              52.4289619
            ],
            [
              10.7952544,
              52.4290595
            ]
          ]
        ]
      }
    },
    {
      "type": "Feature",
      "properties": {
        "addr:unit": "450",
        "brand": "Le Creuset",
        "brand:wikidata": "Q555861",
        "brand:wikipedia": "en:Le Creuset",
        "building": "retail",
        "building:levels": "2",
        "name": "Le Creuset",
        "opening_hours": "Mo-Sa 10:00-20:00",
        "phone": "+49 5361 8916510",
        "ref": "Unit 50",
        "roof:shape": "flat",
        "shop": "houseware",
        "wheelchair": "yes",
        "osm_id": 0
      },
      "geometry": {
        "type": "Polygon",
        "coordinates": [
          [
            [
              10.7952506,
              52.4290990
            ],
            [
              10.7952544,
              52.4290595
            ],
            [
              10.7952640,
              52.4289619
            ],
            [
              10.7952063,
              52.4289459
            ],
            [
              10.7951431,
              52.4289309
            ],
            [
              10.7951271,
              52.4290945
            ],
            [
              10.7952506,
              52.4290990
            ]
          ]
        ]
      }
    },
    {
      "type": "Feature",
      "properties": {
        "building": "yes",
        "osm_id": 0
      },
      "geometry": {
        "type": "Polygon",
        "coordinates": [
          [
            [
              10.7944746,
              52.4291356
            ],
            [
              10.7946418,
              52.4291417
            ],
            [
              10.7946481,
              52.4290771
            ],
            [
              10.7946045,
              52.4290755
            ],
            [
              10.7944809,
              52.4290710
            ],
            [
              10.7944746,
              52.4291356
            ]
          ]
        ]
      }
    },
    {
      "type": "Feature",
      "properties": {
        "addr:unit": "3",
        "brand": "Liebeskind Berlin",
        "building": "yes",
        "building:levels": "3",
        "building:material": "silver",
        "name": "Liebeskind Berlin",
        "opening_hours": "Mo-Sa 10:00-20:00",
        "phone": "+49 5361 2728702",
        "ref": "Unit 3",
        "roof:shape": "flat",
        "shop": "shoes;bag",
        "wheelchair": "yes",
        "osm_id": 0
      },
      "geometry": {
        "type": "Polygon",
        "coordinates": [
          [
            [
              10.7923611,
              52.4287561
            ],
            [
              10.7923683,
              52.4288753
            ],
            [
              10.7922401,
              52.4288783
            ],
            [
              10.7922329,
              52.4287589
            ],
            [
              10.7923611,
              52.4287561
            ]
          ]
        ]
      }
    },
    {
      "type": "Feature",
      "properties": {
        "addr:unit": "4",
        "brand": "Desigual",
        "brand:wikidata": "Q83750",
        "brand:wikipedia": "en:Desigual",
        "building": "retail",
        "building:levels": "3",
        "building:material": "silver",
        "name": "Desigual",
        "opening_hours": "Mo-Sa 10:00-20:00",
        "phone": "+49 152 90006715",
        "ref": "Unit 4",
        "roof:shape": "flat",
        "shop": "clothes",
        "toilets": "no",
        "wheelchair": "yes",
        "osm_id": 0
      },
      "geometry": {
        "type": "Polygon",
        "coordinates": [
          [
            [
              10.7923611,
              52.4287561
            ],
            [
              10.7923683,
              52.4288753
            ],
            [
              10.7925011,
              52.4288722
            ],
            [
              10.7924918,
              52.4287531
            ],
            [
              10.7923611,
              52.4287561
            ]
          ]
        ]
      }
    },
    {
      "type": "Feature",
      "properties": {
        "building": "yes",
        "osm_id": 0
      },
      "geometry": {
        "type": "Polygon",
        "coordinates": [
          [
            [
              10.7939798,
              52.4288018
            ],
            [
              10.7939921,
              52.4288546
            ],
            [
              10.7938716,
              52.4288651
            ],
            [
              10.7937061,
              52.4288795
            ],
            [
              10.7936937,
              52.4288267
            ],
            [
              10.7937324,
              52.4288233
            ],
            [
              10.7938562,
              52.4288126
            ],
            [
              10.7939798,
              52.4288018
            ]
          ]
        ]
      }
    },
    {
      "type": "Feature",
      "properties": {
        "addr:unit": "22",
        "brand": "Nike",
        "brand:wikidata": "Q483915",
        "brand:wikipedia": "en:Nike, Inc.",
        "building": "yes",
        "building:levels": "2",
        "building:levels:underground": "1",
        "description": "Nike Value Store",
        "layer": "1",
        "name": "Nike",
        "opening_hours": "Mo-Sa 10:00-20:00",
        "phone": "+49 5361 276440",
        "ref": "Unit 22",
        "roof:shape": "flat",
        "shop": "clothes",
        "toilets": "no",
        "wheelchair": "yes",
        "osm_id": 0
      },
      "geometry": {
        "type": "Polygon",
        "coordinates": [
          [
            [
              10.7931078,
              52.4291015
            ],
            [
              10.7930053,
              52.4290899
            ],
            [
              10.7929093,
              52.4290755
            ],
            [
              10.7928108,
              52.4290546
            ],
            [
              10.7927416,
              52.4290366
            ],
            [
              10.7926383,
              52.4290019
            ],
            [
              10.7926224,
              52.4289402
            ],
            [
              10.7926800,
              52.4289054
            ],
            [
              10.7927591,
              52.4288649
            ],
            [
              10.7928375,
              52.4288306
            ],
            [
              10.7929194,
              52.4288000
            ],
            [
              10.7930396,
              52.4287622
            ],
            [
              10.7931667,
              52.4287346
            ],
            [
              10.7931982,
              52.4288697
            ],
            [
              10.7932228,
              52.4289747
            ],
            [
              10.7930811,
              52.4289870
            ],
            [
              10.7931078,
              52.4291015
            ]
          ]
        ]
      }
    },
    {
      "type": "Feature",
      "properties": {
        "addr:unit": "19",
        "building": "yes",
        "building:levels": "2",
        "building:levels:underground": "1",
        "opening_hours": "Mo-Sa 10:00-20:00",
        "ref": "Unit 19",
        "roof:shape": "flat",
        "shop": "vacant",
        "wheelchair": "yes",
        "osm_id": 0
      },
      "geometry": {
        "type": "Polygon",
        "coordinates": [
          [
            [
              10.7937464,
              52.4290539
            ],
            [
              10.7937183,
              52.4289317
            ],
            [
              10.7937061,
              52.4288795
            ],
            [
              10.7938716,
              52.4288651
            ],
            [
              10.7939050,
              52.4290078
            ],
            [
              10.7938347,
              52.4290305
            ],
            [
              10.7937464,
              52.4290539
            ]
          ]
        ]
      }
    },
    {
      "type": "Feature",
      "properties": {
        "addr:unit": "20",
        "brand": "Levi's",
        "brand:wikidata": "Q127962",
        "building": "yes",
        "building:levels": "2",
        "building:levels:underground": "1",
        "clothes": "denim;men;women",
        "name": "Levi's",
        "opening_hours": "Mo-Sa 10:00-20:00",
        "phone": "+49 5361 6093833",
        "ref": "Unit 20",
        "roof:shape": "flat",
        "shop": "clothes",
        "wheelchair": "yes",
        "osm_id": 0
      },
      "geometry": {
        "type": "Polygon",
        "coordinates": [
          [
            [
              10.7937183,
              52.4289317
            ],
            [
              10.7937464,
              52.4290539
            ],
            [
              10.7936771,
              52.4290701
            ],
            [
              10.7936013,
              52.4290839
            ],
            [
              10.7934966,
              52.4290968
            ],
            [
              10.7934954,
              52.4290917
            ],
            [
              10.7934632,
              52.4289538
            ],
            [
              10.7937183,
              52.4289317
            ]
          ]
        ]
      }
    },
    {
      "type": "Feature",
      "properties": {
        "addr:unit": "21",
        "brand": "Garcia",
        "building": "yes",
        "building:levels": "2",
        "building:levels:underground": "1",
        "contact:phone": "+49 5361 8928644",
        "name": "Garcia",
        "opening_hours": "Mo-Sa 10:00-20:00",
        "ref": "Unit 21",
        "roof:shape": "flat",
        "shop": "clothes",
        "wheelchair": "yes",
        "osm_id": 0
      },
      "geometry": {
        "type": "Polygon",
        "coordinates": [
          [
            [
              10.7932228,
              52.4289747
            ],
            [
              10.7933748,
              52.4289615
            ],
            [
              10.7934069,
              52.4290993
            ],
            [
              10.7934081,
              52.4291044
            ],
            [
              10.7933078,
              52.4291085
            ],
            [
              10.7932567,
              52.4291084
            ],
            [
              10.7932044,
              52.4291082
            ],
            [
              10.7931078,
              52.4291015
            ],
            [
              10.7930811,
              52.4289870
            ],
            [
              10.7932228,
              52.4289747
            ]
          ]
        ]
      }
    },
    {
      "type": "Feature",
      "properties": {
        "addr:unit": "18",
        "building": "yes",
        "building:levels": "2",
        "building:levels:underground": "1",
        "opening_hours": "Mo-Sa 10:00-20:00",
        "ref": "Unit 18",
        "roof:shape": "flat",
        "shop": "vacant",
        "wheelchair": "yes",
        "osm_id": 0
      },
      "geometry": {
        "type": "Polygon",
        "coordinates": [
          [
            [
              10.7939921,
              52.4288546
            ],
            [
              10.7940173,
              52.4289625
            ],
            [
              10.7939688,
              52.4289835
            ],
            [
              10.7939050,
              52.4290078
            ],
            [
              10.7938716,
              52.4288651
            ],
            [
              10.7939921,
              52.4288546
            ]
          ]
        ]
      }
    },
    {
      "type": "Feature",
      "properties": {
        "addr:unit": "26a",
        "brand": "Sunglass Hut",
        "brand:wikidata": "Q136311",
        "brand:wikipedia": "en:Sunglass Hut",
        "building": "yes",
        "building:levels": "2",
        "building:levels:underground": "1",
        "name": "Sunglass Hut",
        "opening_hours": "Mo-Sa 10:00-20:00",
        "phone": "+49 5361 8486809",
        "ref": "Unit 26a",
        "roof:shape": "flat",
        "shop": "optician",
        "wheelchair": "yes",
        "osm_id": 0
      },
      "geometry": {
        "type": "Polygon",
        "coordinates": [
          [
            [
              10.7939798,
              52.4288018
            ],
            [
              10.7938562,
              52.4288126
            ],
            [
              10.7938350,
              52.4287220
            ],
            [
              10.7939044,
              52.4287322
            ],
            [
              10.7939667,
              52.4287458
            ],
            [
              10.7939798,
              52.4288018
            ]
          ]
        ]
      }
    },
    {
      "type": "Feature",
      "properties": {
        "addr:unit": "26",
        "brand": "G. K. Mayer",
        "building": "yes",
        "building:levels": "2",
        "building:levels:underground": "1",
        "name": "G. K. Mayer Shoes",
        "opening_hours": "Mo-Sa 10:00-20:00",
        "phone": "+49 5361 8915950",
        "ref": "Unit 26",
        "roof:shape": "flat",
        "shop": "shoes",
        "wheelchair": "yes",
        "osm_id": 0
      },
      "geometry": {
        "type": "Polygon",
        "coordinates": [
          [
            [
              10.7937324,
              52.4288233
            ],
            [
              10.7937052,
              52.4287069
            ],
            [
              10.7937744,
              52.4287149
            ],
            [
              10.7938350,
              52.4287220
            ],
            [
              10.7938562,
              52.4288126
            ],
            [
              10.7937324,
              52.4288233
            ]
          ]
        ]
      }
    },
    {
      "type": "Feature",
      "properties": {
        "addr:unit": "25",
        "brand": "claire's",
        "brand:wikidata": "Q2974996",
        "brand:wikipedia": "en:Claire's",
        "building": "yes",
        "building:levels": "2",
        "building:levels:underground": "1",
        "name": "claire's",
        "opening_hours": "Mo-Sa 10:00-20:00",
        "phone": "+49 5361 8673639",
        "ref": "Unit 25",
        "roof:shape": "flat",
        "shop": "fashion_accessories",
        "wheelchair": "yes",
        "osm_id": 0
      },
      "geometry": {
        "type": "Polygon",
        "coordinates": [
          [
            [
              10.7936067,
              52.4288342
            ],
            [
              10.7935756,
              52.4287011
            ],
            [
              10.7936423,
              52.4287034
            ],
            [
              10.7937052,
              52.4287069
            ],
            [
              10.7937324,
              52.4288233
            ],
            [
              10.7936937,
              52.4288267
            ],
            [
              10.7936067,
              52.4288342
            ]
          ]
        ]
      }
    },
    {
      "type": "Feature",
      "properties": {
        "addr:unit": "17",
        "brand": "Michael Kors",
        "brand:wikidata": "Q19572998",
        "brand:wikipedia": "en:Capri Holdings",
        "building": "retail",
        "building:levels": "2",
        "building:levels:underground": "1",
        "closed": "yes",
        "layer": "1",
        "name": "Michael Kors",
        "note:de": "zur Zeit wegen Renovierung geschlossen",
        "opening_hours": "Mo-Sa 10:00-20:00",
        "ref": "Unit 17",
        "roof:shape": "flat",
        "shop": "clothes",
        "wheelchair": "yes",
        "osm_id": 0
      },
      "geometry": {
        "type": "Polygon",
        "coordinates": [
          [
            [
              10.7939798,
              52.4288018
            ],
            [
              10.7939667,
              52.4287458
            ],
            [
              10.7940506,
              52.4287656
            ],
            [
              10.7941056,
              52.4287815
            ],
            [
              10.7941785,
              52.4288055
            ],
            [
              10.7941945,
              52.4288681
            ],
            [
              10.7941418,
              52.4289009
            ],
            [
              10.7940807,
              52.4289325
            ],
            [
              10.7940173,
              52.4289625
            ],
            [
              10.7939921,
              52.4288546
            ],
            [
              10.7939798,
              52.4288018
            ]
          ]
        ]
      }
    },
    {
      "type": "Feature",
      "properties": {
        "addr:unit": "24",
        "brand": "Marvelis",
        "building": "yes",
        "building:levels": "2",
        "building:levels:underground": "1",
        "contact:fax": "+49 5361 2764348",
        "contact:phone": "+49 5361 2764380",
        "name": "Marvelis",
        "opening_hours": "Mo-Sa 10:00-20:00",
        "operator": "MARVELIS Stores GmbH & Co. KG",
        "ref": "Unit 24",
        "roof:shape": "flat",
        "shop": "clothes",
        "wheelchair": "yes",
        "osm_id": 0
      },
      "geometry": {
        "type": "Polygon",
        "coordinates": [
          [
            [
              10.7933450,
              52.4288570
            ],
            [
              10.7933113,
              52.4287125
            ],
            [
              10.7934042,
              52.4287043
            ],
            [
              10.7934900,
              52.4287022
            ],
            [
              10.7935756,
              52.4287011
            ],
            [
              10.7936067,
              52.4288342
            ],
            [
              10.7933450,
              52.4288570
            ]
          ]
        ]
      }
    },
    {
      "type": "Feature",
      "properties": {
        "building": "yes",
        "building:levels": "2",
        "building:levels:underground": "1",
        "ref": "Unit 23",
        "roof:shape": "flat",
        "shop": "vacant",
        "osm_id": 0
      },
      "geometry": {
        "type": "Polygon",
        "coordinates": [
          [
            [
              10.7931982,
              52.4288697
            ],
            [
              10.7931667,
              52.4287346
            ],
            [
              10.7932325,
              52.4287239
            ],
            [
              10.7933113,
              52.4287125
            ],
            [
              10.7933450,
              52.4288570
            ],
            [
              10.7931982,
              52.4288697
            ]
          ]
        ]
      }
    },
    {
      "type": "Feature",
      "properties": {
        "building": "yes",
        "osm_id": 0
      },
      "geometry": {
        "type": "Polygon",
        "coordinates": [
          [
            [
              10.7981543,
              52.4293420
            ],
            [
              10.7981366,
              52.4293280
            ],
            [
              10.7981114,
              52.4293191
            ],
            [
              10.7980826,
              52.4293167
            ],
            [
              10.7980544,
              52.4293213
            ],
            [
              10.7980313,
              52.4293321
            ],
            [
              10.7980168,
              52.4293474
            ],
            [
              10.7980129,
              52.4293650
            ],
            [
              10.7980204,
              52.4293822
            ],
            [
              10.7980381,
              52.4293963
            ],
            [
              10.7980633,
              52.4294051
            ],
            [
              10.7980921,
              52.4294075
            ],
            [
              10.7981202,
              52.4294029
            ],
            [
              10.7981433,
              52.4293921
            ],
            [
              10.7981579,
              52.4293768
            ],
            [
              10.7981618,
              52.4293592
            ],
            [
              10.7981543,
              52.4293420
            ]
          ]
        ]
      }
    },
    {
      "type": "Feature",
      "properties": {
        "addr:city": "Wolfsburg",
        "addr:country": "DE",
        "addr:housenumber": "1",
        "addr:postcode": "38446",
        "addr:street": "Maybachweg",
        "building": "hotel",
        "building:levels": "6",
        "building:material": "plaster",
        "name": "Berliner Haus",
        "roof:shape": "flat",
        "osm_id": 0
      },
      "geometry": {
        "type": "Polygon",
        "coordinates": [
          [
            [
              10.8002934,
              52.4289699
            ],
            [
              10.8003481,
              52.4289681
            ],
            [
              10.8003392,
              52.4288448
            ],
            [
              10.8002675,
              52.4288468
            ],
            [
              10.8002367,
              52.4288477
            ],
            [
              10.8002136,
              52.4285505
            ],
            [
              10.8000143,
              52.4285559
            ],
            [
              10.7998965,
              52.4285591
            ],
            [
              10.7996996,
              52.4287686
            ],
            [
              10.7997071,
              52.4288636
            ],
            [
              10.7997168,
              52.4289857
            ],
            [
              10.7997275,
              52.4291212
            ],
            [
              10.7997369,
              52.4292412
            ],
            [
              10.7997496,
              52.4293878
            ],
            [
              10.8000320,
              52.4293800
            ],
            [
              10.8000227,
              52.4292328
            ],
            [
              10.8001291,
              52.4292296
            ],
            [
              10.8001398,
              52.4293771
            ],
            [
              10.8002775,
              52.4293732
            ],
            [
              10.8002660,
              52.4292257
            ],
            [
              10.8002937,
              52.4292247
            ],
            [
              10.8003664,
              52.4292219
            ],
            [
              10.8003581,
              52.4291067
            ],
            [
              10.8003036,
              52.4291082
            ],
            [
              10.8002985,
              52.4290391
            ],
            [
              10.8002934,
              52.4289699
            ]
          ]
        ]
      }
    },
    {
      "type": "Feature",
      "properties": {
        "addr:city": "Wolfsburg",
        "addr:postcode": "38440",
        "addr:street": "Stadtbrücke",
        "amenity": "bar",
        "building": "yes",
        "building:levels": "1",
        "indoor_seating": "yes",
        "name": "Mondo Italiano",
        "opening_hours": "We,Th 12:00-23:00; Fr 12:00-24:00; Sa 09:00-24:00; Su 09:00-23:00; Mo,Tu off",
        "outdoor_seating": "yes",
        "phone": "0800 6116600",
        "website": "https://www.autostadt.de/restaurants/mondo-italiano",
        "wheelchair": "yes",
        "osm_id": 0
      },
      "geometry": {
        "type": "Polygon",
        "coordinates": [
          [
            [
              10.7961298,
              52.4313764
            ],
            [
              10.7961249,
              52.4312689
            ],
            [
              10.7963779,
              52.4312647
            ],
            [
              10.7963827,
              52.4313721
            ],
            [
              10.7961298,
              52.4313764
            ]
          ]
        ]
      }
    },
    {
      "type": "Feature",
      "properties": {
        "addr:city": "Wolfsburg",
        "addr:housenumber": "5",
        "addr:postcode": "38446",
        "addr:street": "Maybachweg",
        "building": "commercial",
        "building:levels": "12",
        "height": "45",
        "name": "Berliner Haus",
        "osm_id": 0
      },
      "geometry": {
        "type": "Polygon",
        "coordinates": [
          [
            [
              10.7997746,
              52.4297150
            ],
            [
              10.7999174,
              52.4297113
            ],
            [
              10.8000603,
              52.4297075
            ],
            [
              10.8000320,
              52.4293800
            ],
            [
              10.7997496,
              52.4293878
            ],
            [
              10.7997621,
              52.4295513
            ],
            [
              10.7997746,
              52.4297150
            ]
          ]
        ]
      }
    },
    {
      "type": "Feature",
      "properties": {
        "building": "yes",
        "building:levels": "8",
        "roof:shape": "flat",
        "osm_id": 0
      },
      "geometry": {
        "type": "Polygon",
        "coordinates": [
          [
            [
              10.7946090,
              52.4275655
            ],
            [
              10.7951227,
              52.4275523
            ],
            [
              10.7951291,
              52.4274583
            ],
            [
              10.7946728,
              52.4274084
            ],
            [
              10.7946523,
              52.4274994
            ],
            [
              10.7946045,
              52.4274942
            ],
            [
              10.7946090,
              52.4275655
            ]
          ]
        ]
      }
    },
    {
      "type": "Feature",
      "properties": {
        "building": "yes",
        "osm_id": 0
      },
      "geometry": {
        "type": "Polygon",
        "coordinates": [
          [
            [
              10.7924660,
              52.4283813
            ],
            [
              10.7924682,
              52.4284135
            ],
            [
              10.7924803,
              52.4285896
            ],
            [
              10.7940718,
              52.4285491
            ],
            [
              10.7940575,
              52.4283407
            ],
            [
              10.7924660,
              52.4283813
            ]
          ]
        ]
      }
    },
    {
      "type": "Feature",
      "properties": {
        "building": "yes",
        "layer": "1",
        "osm_id": 0
      },
      "geometry": {
        "type": "Polygon",
        "coordinates": [
          [
            [
              10.7941922,
              52.4283374
            ],
            [
              10.7942152,
              52.4287065
            ],
            [
              10.7952775,
              52.4286818
            ],
            [
              10.7952875,
              52.4288434
            ],
            [
              10.7967919,
              52.4288088
            ],
            [
              10.7969106,
              52.4288874
            ],
            [
              10.7969344,
              52.4292351
            ],
            [
              10.7970271,
              52.4292848
            ],
            [
              10.7981489,
              52.4292589
            ],
            [
              10.7982523,
              52.4293262
            ],
            [
              10.7982856,
              52.4297848
            ],
            [
              10.7985349,
              52.4297996
            ],
            [
              10.7986042,
              52.4297533
            ],
            [
              10.7985496,
              52.4290671
            ],
            [
              10.7981370,
              52.4290743
            ],
            [
              10.7981362,
              52.4290551
            ],
            [
              10.7973099,
              52.4290741
            ],
            [
              10.7972686,
              52.4285858
            ],
            [
              10.7961427,
              52.4286128
            ],
            [
              10.7961499,
              52.4287284
            ],
            [
              10.7960112,
              52.4287316
            ],
            [
              10.7960027,
              52.4286167
            ],
            [
              10.7955387,
              52.4286274
            ],
            [
              10.7955288,
              52.4284682
            ],
            [
              10.7945286,
              52.4284914
            ],
            [
              10.7945233,
              52.4284050
            ],
            [
              10.7945186,
              52.4283299
            ],
            [
              10.7941922,
              52.4283374
            ]
          ]
        ]
      }
    },
    {
      "type": "Feature",
      "properties": {
        "amenity": "restaurant",
        "building": "restaurant",
        "building:levels": "1",
        "name": "Sansibar",
        "osm_id": 0
      },
      "geometry": {
        "type": "Polygon",
        "coordinates": [
          [
            [
              10.7898013,
              52.4313340
            ],
            [
              10.7898133,
              52.4312807
            ],
            [
              10.7896981,
              52.4312710
            ],
            [
              10.7896578,
              52.4314493
            ],
            [
              10.7897131,
              52.4314539
            ],
            [
              10.7897015,
              52.4315000
            ],
            [
              10.7898144,
              52.4315106
            ],
            [
              10.7898577,
              52.4313393
            ],
            [
              10.7898013,
              52.4313340
            ]
          ]
        ]
      }
    },
    {
      "type": "Feature",
      "properties": {
        "building": "yes",
        "osm_id": 0
      },
      "geometry": {
        "type": "Polygon",
        "coordinates": [
          [
            [
              10.7951239,
              52.4280944
            ],
            [
              10.7950719,
              52.4280953
            ],
            [
              10.7950678,
              52.4280185
            ],
            [
              10.7951183,
              52.4280176
            ],
            [
              10.7951239,
              52.4280944
            ]
          ]
        ]
      }
    },
    {
      "type": "Feature",
      "properties": {
        "addr:city": "Wolfsburg",
        "addr:housenumber": "1",
        "addr:postcode": "38448",
        "addr:street": "In den Allerwiesen",
        "blind:description:de": "Fußballspiele mit Audiodescription.",
        "capacity": "28917",
        "contact:email": "service@vfl-wolfsburg.de",
        "contact:fax": "+49 5361 8903 150",
        "contact:phone": "+49 5361 8903903",
        "contact:website": "https://www.vfl-wolfsburg.de/stadien/volkswagen-arena",
        "leisure": "stadium",
        "name": "Volkswagen Arena",
        "operator": "VfL Wolfsburg-Fußball GmbH",
        "sport": "soccer",
        "start_date": "2002-12-13",
        "tourism": "attraction",
        "type": "multipolygon",
        "wheelchair": "yes",
        "wikidata": "Q155603",
        "wikimedia_commons": "File:Volkswagen-Arena Gästeblock.JPG",
        "wikipedia": "de:Volkswagen Arena",
        "osm_id": 0
      },
      "geometry": {
        "type": "Polygon",
        "coordinates": [
          [
            [
              10.8031361,
              52.4334360
            ],
            [
              10.8031885,
              52.4334557
            ],
            [
              10.8032463,
              52.4334717
            ],
            [
              10.8033057,
              52.4334829
            ],
            [
              10.8033673,
              52.4334896
            ],
            [
              10.8033677,
              52.4334872
            ],
            [
              10.8033948,
              52.4334888
            ],
            [
              10.8034531,
              52.4334904
            ],
            [
              10.8035056,
              52.4334916
            ],
            [
              10.8037062,
              52.4334961
            ],
            [
              10.8039076,
              52.4334896
            ],
            [
              10.8039596,
              52.4334879
            ],
            [
              10.8040185,
              52.4334859
            ],
            [
              10.8042181,
              52.4334793
            ],
            [
              10.8044187,
              52.4334613
            ],
            [
              10.8044723,
              52.4334564
            ],
            [
              10.8045278,
              52.4334513
            ],
            [
              10.8045951,
              52.4334409
            ],
            [
              10.8046566,
              52.4334260
            ],
            [
              10.8047109,
              52.4334078
            ],
            [
              10.8047663,
              52.4333835
            ],
            [
              10.8048103,
              52.4333554
            ],
            [
              10.8048506,
              52.4333293
            ],
            [
              10.8048640,
              52.4333182
            ],
            [
              10.8048664,
              52.4333162
            ],
            [
              10.8048820,
              52.4333022
            ],
            [
              10.8048952,
              52.4332879
            ],
            [
              10.8049070,
              52.4332738
            ],
            [
              10.8049196,
              52.4332552
            ],
            [
              10.8049308,
              52.4332366
            ],
            [
              10.8049355,
              52.4332271
            ],
            [
              10.8049399,
              52.4332181
            ],
            [
              10.8049467,
              52.4331995
            ],
            [
              10.8049503,
              52.4331865
            ],
            [
              10.8049532,
              52.4331733
            ],
            [
              10.8049553,
              52.4331601
            ],
            [
              10.8049566,
              52.4331470
            ],
            [
              10.8049691,
              52.4329172
            ],
            [
              10.8049703,
              52.4328926
            ],
            [
              10.8049720,
              52.4328722
            ],
            [
              10.8049721,
              52.4328503
            ],
            [
              10.8049325,
              52.4323996
            ],
            [
              10.8049283,
              52.4323806
            ],
            [
              10.8049222,
              52.4323572
            ],
            [
              10.8049173,
              52.4323360
            ],
            [
              10.8048824,
              52.4321841
            ],
            [
              10.8048608,
              52.4320947
            ],
            [
              10.8048480,
              52.4320620
            ],
            [
              10.8048302,
              52.4320310
            ],
            [
              10.8048209,
              52.4320172
            ],
            [
              10.8048078,
              52.4320022
            ],
            [
              10.8047968,
              52.4319902
            ],
            [
              10.8047922,
              52.4319855
            ],
            [
              10.8047874,
              52.4319812
            ],
            [
              10.8047729,
              52.4319681
            ],
            [
              10.8047586,
              52.4319563
            ],
            [
              10.8047431,
              52.4319447
            ],
            [
              10.8047277,
              52.4319344
            ],
            [
              10.8046375,
              52.4318878
            ],
            [
              10.8045927,
              52.4318711
            ],
            [
              10.8045434,
              52.4318569
            ],
            [
              10.8044598,
              52.4318409
            ],
            [
              10.8044208,
              52.4318372
            ],
            [
              10.8043861,
              52.4318339
            ],
            [
              10.8043468,
              52.4318330
            ],
            [
              10.8043321,
              52.4318327
            ],
            [
              10.8043316,
              52.4318304
            ],
            [
              10.8040720,
              52.4318247
            ],
            [
              10.8038531,
              52.4318320
            ],
            [
              10.8038162,
              52.4318332
            ],
            [
              10.8037792,
              52.4318344
            ],
            [
              10.8035657,
              52.4318414
            ],
            [
              10.8032880,
              52.4318661
            ],
            [
              10.8032505,
              52.4318698
            ],
            [
              10.8032149,
              52.4318737
            ],
            [
              10.8031860,
              52.4318793
            ],
            [
              10.8031577,
              52.4318853
            ],
            [
              10.8031294,
              52.4318924
            ],
            [
              10.8031016,
              52.4319005
            ],
            [
              10.8030751,
              52.4319094
            ],
            [
              10.8030503,
              52.4319189
            ],
            [
              10.8030262,
              52.4319298
            ],
            [
              10.8030036,
              52.4319410
            ],
            [
              10.8029633,
              52.4319669
            ],
            [
              10.8029286,
              52.4319893
            ],
            [
              10.8029005,
              52.4320136
            ],
            [
              10.8028747,
              52.4320416
            ],
            [
              10.8028538,
              52.4320707
            ],
            [
              10.8028373,
              52.4321006
            ],
            [
              10.8028277,
              52.4321256
            ],
            [
              10.8028214,
              52.4321526
            ],
            [
              10.8028174,
              52.4322053
            ],
            [
              10.8028151,
              52.4322437
            ],
            [
              10.8028143,
              52.4322569
            ],
            [
              10.8028134,
              52.4322727
            ],
            [
              10.8028072,
              52.4323884
            ],
            [
              10.8027884,
              52.4324083
            ],
            [
              10.8027706,
              52.4324287
            ],
            [
              10.8027531,
              52.4324508
            ],
            [
              10.8027368,
              52.4324734
            ],
            [
              10.8027233,
              52.4324958
            ],
            [
              10.8027111,
              52.4325189
            ],
            [
              10.8027031,
              52.4325374
            ],
            [
              10.8026955,
              52.4325564
            ],
            [
              10.8026893,
              52.4325758
            ],
            [
              10.8026838,
              52.4325955
            ],
            [
              10.8026792,
              52.4326180
            ],
            [
              10.8026761,
              52.4326409
            ],
            [
              10.8026747,
              52.4326638
            ],
            [
              10.8026752,
              52.4326870
            ],
            [
              10.8026589,
              52.4326920
            ],
            [
              10.8026537,
              52.4327016
            ],
            [
              10.8026607,
              52.4327124
            ],
            [
              10.8026772,
              52.4327162
            ],
            [
              10.8026808,
              52.4327387
            ],
            [
              10.8026865,
              52.4327612
            ],
            [
              10.8026937,
              52.4327837
            ],
            [
              10.8027024,
              52.4328062
            ],
            [
              10.8027177,
              52.4328384
            ],
            [
              10.8027365,
              52.4328705
            ],
            [
              10.8027611,
              52.4329050
            ],
            [
              10.8027901,
              52.4329393
            ],
            [
              10.8028237,
              52.4329717
            ],
            [
              10.8028613,
              52.4330041
            ],
            [
              10.8028877,
              52.4331182
            ],
            [
              10.8028909,
              52.4331320
            ],
            [
              10.8028940,
              52.4331469
            ],
            [
              10.8029161,
              52.4332345
            ],
            [
              10.8029368,
              52.4332805
            ],
            [
              10.8029579,
              52.4333105
            ],
            [
              10.8029849,
              52.4333405
            ],
            [
              10.8030161,
              52.4333675
            ],
            [
              10.8030531,
              52.4333931
            ],
            [
              10.8030954,
              52.4334155
            ],
            [
              10.8031361,
              52.4334360
            ]
          ]
        ]
      }
    },
    {
      "type": "Feature",
      "properties": {
        "addr:city": "Wolfsburg",
        "addr:country": "DE",
        "addr:housenumber": "5",
        "addr:postcode": "38448",
        "addr:street": "Allerpark",
        "building": "stadium",
        "check_date": "2024-09-13",
        "leisure": "stadium",
        "name": "EisArena Wolfsburg",
        "sport": "ice_hockey",
        "tourism": "attraction",
        "wheelchair": "limited",
        "wikidata": "Q2531678",
        "osm_id": 0
      },
      "geometry": {
        "type": "Polygon",
        "coordinates": [
          [
            [
              10.8133954,
              52.4375659
            ],
            [
              10.8135323,
              52.4375845
            ],
            [
              10.8135327,
              52.4376177
            ],
            [
              10.8136980,
              52.4376363
            ],
            [
              10.8138347,
              52.4376429
            ],
            [
              10.8140049,
              52.4376533
            ],
            [
              10.8140053,
              52.4376850
            ],
            [
              10.8143316,
              52.4376927
            ],
            [
              10.8143294,
              52.4376577
            ],
            [
              10.8144872,
              52.4376547
            ],
            [
              10.8146404,
              52.4376470
            ],
            [
              10.8147875,
              52.4376332
            ],
            [
              10.8148051,
              52.4373127
            ],
            [
              10.8148156,
              52.4371211
            ],
            [
              10.8145176,
              52.4371174
            ],
            [
              10.8145229,
              52.4370517
            ],
            [
              10.8142068,
              52.4370466
            ],
            [
              10.8138520,
              52.4370408
            ],
            [
              10.8138478,
              52.4370971
            ],
            [
              10.8134041,
              52.4370913
            ],
            [
              10.8133993,
              52.4373549
            ],
            [
              10.8133954,
              52.4375659
            ]
          ]
        ]
      }
    },
    {
      "type": "Feature",
      "properties": {
        "building": "office",
        "building:levels": "4",
        "name": "Arena",
        "roof:shape": "flat",
        "osm_id": 0
      },
      "geometry": {
        "type": "Polygon",
        "coordinates": [
          [
            [
              10.7430200,
              52.4239314
            ],
            [
              10.7430308,
              52.4239535
            ],
            [
              10.7430512,
              52.4239831
            ],
            [
              10.7430855,
              52.4240148
            ],
            [
              10.7431328,
              52.4240441
            ],
            [
              10.7431736,
              52.4240631
            ],
            [
              10.7432395,
              52.4240842
            ],
            [
              10.7433074,
              52.4240965
            ],
            [
              10.7433172,
              52.4240539
            ],
            [
              10.7433685,
              52.4240606
            ],
            [
              10.7434247,
              52.4240598
            ],
            [
              10.7434903,
              52.4240488
            ],
            [
              10.7435478,
              52.4240309
            ],
            [
              10.7435928,
              52.4240063
            ],
            [
              10.7436243,
              52.4239801
            ],
            [
              10.7436485,
              52.4239531
            ],
            [
              10.7436545,
              52.4239280
            ],
            [
              10.7437037,
              52.4239297
            ],
            [
              10.7437279,
              52.4239024
            ],
            [
              10.7437283,
              52.4238649
            ],
            [
              10.7437135,
              52.4238105
            ],
            [
              10.7436847,
              52.4237672
            ],
            [
              10.7436493,
              52.4237374
            ],
            [
              10.7436103,
              52.4237098
            ],
            [
              10.7435591,
              52.4236877
            ],
            [
              10.7434983,
              52.4236727
            ],
            [
              10.7434431,
              52.4236641
            ],
            [
              10.7433807,
              52.4236597
            ],
            [
              10.7433804,
              52.4236194
            ],
            [
              10.7433272,
              52.4236218
            ],
            [
              10.7432777,
              52.4236268
            ],
            [
              10.7432347,
              52.4236344
            ],
            [
              10.7431933,
              52.4236449
            ],
            [
              10.7431496,
              52.4236595
            ],
            [
              10.7431155,
              52.4236735
            ],
            [
              10.7430816,
              52.4236909
            ],
            [
              10.7430498,
              52.4237120
            ],
            [
              10.7430187,
              52.4237367
            ],
            [
              10.7429961,
              52.4237583
            ],
            [
              10.7429754,
              52.4237865
            ],
            [
              10.7429587,
              52.4238166
            ],
            [
              10.7430174,
              52.4238261
            ],
            [
              10.7430101,
              52.4238560
            ],
            [
              10.7430110,
              52.4238944
            ],
            [
              10.7430200,
              52.4239314
            ]
          ]
        ]
      }
    }
  ]
}
